2.10.2012 14:47:23;101789;21;22;-1,3
2.10.2012 14:47:48;101792;21;22;-1,3
2.10.2012 14:48:13;101784;23;22;0,0
2.10.2012 14:48:38;101787;21;22;-1,3
2.10.2012 14:49:03;101782;21;22;-1,3
2.10.2012 14:49:28;101794;20;22;-1,9
2.10.2012 14:49:53;101782;21;22;-1,3
2.10.2012 14:50:19;101788;21;22;-1,3
2.10.2012 14:50:44;101788;21;22;-1,3
2.10.2012 14:51:09;101781;20;23;-1,1
2.10.2012 14:51:34;101779;20;23;-1,1
2.10.2012 14:52:00;101795;20;23;-1,1
2.10.2012 14:52:25;101786;20;23;-1,1
2.10.2012 14:52:50;101794;20;23;-1,1
2.10.2012 14:53:15;101784;20;23;-1,1
2.10.2012 14:53:40;101782;20;23;-1,1
2.10.2012 14:54:05;101783;19;23;-1,8
2.10.2012 14:54:30;101781;20;23;-1,1
2.10.2012 14:54:55;101781;20;23;-1,1
2.10.2012 14:55:20;101772;19;23;-1,8
2.10.2012 14:55:45;101783;20;23;-1,1
2.10.2012 14:56:10;101789;20;23;-1,1
2.10.2012 14:56:35;101787;20;23;-1,1
2.10.2012 14:57:00;101783;20;23;-1,1
2.10.2012 14:57:25;101787;20;23;-1,1
2.10.2012 14:57:50;101782;20;23;-1,1
2.10.2012 14:58:15;101792;19;23;-1,8
2.10.2012 14:58:40;101792;20;23;-1,1
2.10.2012 14:59:05;101785;20;23;-1,1
2.10.2012 14:59:30;101792;20;23;-1,1
2.10.2012 14:59:55;101787;20;24;0,3
2.10.2012 15:00:20;101786;20;24;0,3
2.10.2012 15:00:45;101789;20;24;0,3
2.10.2012 15:01:10;101792;20;24;0,3
2.10.2012 15:01:35;101781;20;24;0,3
2.10.2012 15:02:00;101786;20;23;-1,1
2.10.2012 15:02:25;101787;20;24;0,3
2.10.2012 15:02:50;101782;18;25;0,9
2.10.2012 15:03:15;101790;19;25;0,2
2.10.2012 15:03:40;101788;19;24;-1,0
2.10.2012 15:04:05;101777;18;25;0,9
2.10.2012 15:04:30;101770;20;24;0,3
2.10.2012 15:04:55;101777;20;24;0,3
2.10.2012 15:05:20;101780;20;24;0,3
2.10.2012 15:05:45;101782;20;24;0,3
2.10.2012 15:06:10;101778;19;25;0,2
2.10.2012 15:06:35;101781;18;25;0,9
2.10.2012 15:07:00;101782;18;25;0,9
2.10.2012 15:07:25;101779;19;25;0,2
2.10.2012 15:07:50;101771;19;25;0,2
2.10.2012 15:08:15;101768;18;25;0,9
2.10.2012 15:08:40;101774;19;25;0,2
2.10.2012 15:09:05;101776;18;25;0,9
2.10.2012 15:09:30;101781;18;25;0,9
2.10.2012 15:09:55;101786;19;25;0,2
2.10.2012 15:10:20;101764;19;25;0,2
2.10.2012 15:10:45;101770;19;25;0,2
2.10.2012 15:11:10;101777;18;25;0,9
2.10.2012 15:11:35;101779;18;25;0,9
2.10.2012 15:12:01;101772;18;25;0,9
2.10.2012 15:12:26;101771;18;25;0,9
2.10.2012 15:12:51;101783;18;25;0,9
2.10.2012 15:13:16;101773;18;25;0,9
2.10.2012 15:13:41;101778;18;25;0,9
2.10.2012 15:14:06;101777;19;25;0,2
2.10.2012 15:14:31;101782;18;25;0,9
2.10.2012 15:14:56;101772;19;25;0,2
2.10.2012 15:15:21;101770;19;25;0,2
2.10.2012 15:15:46;101774;18;25;0,9
2.10.2012 15:16:11;101766;19;25;0,2
2.10.2012 15:16:36;101779;18;25;0,9
2.10.2012 15:17:01;101776;19;25;0,2
2.10.2012 15:17:26;101778;19;25;0,2
2.10.2012 15:17:51;101782;18;25;0,9
2.10.2012 15:18:16;101764;18;25;0,9
2.10.2012 15:18:41;101774;18;25;0,9
2.10.2012 15:19:06;101770;18;25;0,9
2.10.2012 15:19:31;101781;19;26;0,6
2.10.2012 15:19:56;101770;19;25;0,2
2.10.2012 15:20:21;101776;18;25;0,9
2.10.2012 15:20:46;101779;18;25;0,9
2.10.2012 15:21:11;101780;18;25;0,9
2.10.2012 15:21:36;101772;18;25;0,9
2.10.2012 15:22:01;101782;19;25;0,2
2.10.2012 15:22:26;101779;19;26;0,6
2.10.2012 15:22:51;101787;18;25;0,9
2.10.2012 15:23:16;101781;18;25;0,9
2.10.2012 15:23:41;101766;19;26;0,6
2.10.2012 15:24:06;101782;18;25;0,9
2.10.2012 15:24:31;101777;19;25;0,2
2.10.2012 15:24:56;101773;18;25;0,9
2.10.2012 15:25:21;101781;18;26;0,1
2.10.2012 15:25:46;101780;19;26;0,6
2.10.2012 15:26:11;101777;18;25;0,9
2.10.2012 15:26:36;101775;19;26;0,6
2.10.2012 15:27:01;101774;19;26;0,6
2.10.2012 15:27:26;101774;18;26;0,1
2.10.2012 15:27:51;101774;18;26;0,1
2.10.2012 15:28:16;101769;19;26;0,6
2.10.2012 15:28:41;101776;18;26;0,1
2.10.2012 15:29:06;101780;18;26;0,1
2.10.2012 15:29:31;101777;18;25;0,9
2.10.2012 15:29:56;101774;18;26;0,1
2.10.2012 16:33:18;101761;19;23;-1,8
2.10.2012 16:33:43;101771;19;23;-1,8
2.10.2012 16:34:08;101764;19;23;-1,8
2.10.2012 16:34:33;101768;20;23;-1,1
2.10.2012 16:34:58;101768;19;23;-1,8
2.10.2012 16:35:23;101764;19;23;-1,8
2.10.2012 16:35:48;101762;20;23;-1,1
2.10.2012 16:36:13;101762;19;23;-1,8
2.10.2012 16:36:38;101759;19;23;-1,8
2.10.2012 16:37:03;101764;20;23;-1,1
2.10.2012 16:37:28;101771;20;23;-1,1
2.10.2012 16:37:54;101764;19;23;-1,8
2.10.2012 16:38:19;101763;19;23;-1,8
2.10.2012 16:38:44;101772;19;23;-1,8
2.10.2012 16:39:09;101761;19;23;-1,8
2.10.2012 16:39:35;101759;19;23;-1,8
2.10.2012 16:40:00;101766;19;23;-1,8
2.10.2012 16:40:25;101770;19;23;-1,8
2.10.2012 16:40:50;101759;20;23;-1,1
2.10.2012 16:41:15;101762;19;23;-1,8
2.10.2012 16:41:40;101757;19;23;-1,8
2.10.2012 16:42:05;101762;19;23;-1,8
2.10.2012 16:42:30;101774;19;23;-1,8
2.10.2012 16:42:55;101771;19;23;-1,8
2.10.2012 16:43:20;101758;20;23;-1,1
2.10.2012 16:43:45;101774;19;23;-1,8
2.10.2012 16:44:10;101768;19;23;-1,8
2.10.2012 16:44:35;101776;19;23;-1,8
2.10.2012 16:45:00;101769;19;23;-1,8
2.10.2012 16:45:25;101764;18;23;-2,5
2.10.2012 16:45:50;101774;19;23;-1,8
2.10.2012 16:46:16;101770;19;23;-1,8
2.10.2012 16:46:41;101768;20;23;-1,1
2.10.2012 16:47:06;101756;19;23;-1,8
2.10.2012 16:47:31;101762;20;23;-1,1
2.10.2012 16:47:56;101775;20;23;-1,1
2.10.2012 16:48:21;101772;19;23;-1,8
2.10.2012 16:48:46;101773;20;23;-1,1
2.10.2012 16:49:11;101766;19;23;-1,8
2.10.2012 16:49:36;101770;19;23;-1,8
2.10.2012 16:50:01;101758;19;23;-1,8
2.10.2012 16:50:26;101773;20;23;-1,1
2.10.2012 16:50:51;101766;19;23;-1,8
2.10.2012 16:51:16;101765;19;23;-1,8
2.10.2012 16:51:41;101773;19;23;-1,8
2.10.2012 16:52:06;101775;20;23;-1,1
2.10.2012 16:52:31;101773;19;23;-1,8
2.10.2012 16:52:56;101766;19;23;-1,8
2.10.2012 16:53:21;101773;19;23;-1,8
2.10.2012 16:53:46;101774;19;23;-1,8
2.10.2012 16:54:11;101776;20;23;-1,1
2.10.2012 16:54:36;101775;20;23;-1,1
2.10.2012 16:55:01;101771;19;23;-1,8
2.10.2012 16:55:26;101770;19;23;-1,8
2.10.2012 16:55:51;101770;19;23;-1,8
2.10.2012 16:56:20;101776;19;23;-1,8
2.10.2012 16:56:45;101781;19;23;-1,8
2.10.2012 16:57:10;101775;19;23;-1,8
2.10.2012 16:57:35;101772;19;23;-1,8
2.10.2012 16:58:01;101777;19;23;-1,8
2.10.2012 16:58:26;101764;19;23;-1,8
2.10.2012 16:58:51;101765;19;23;-1,8
2.10.2012 16:59:16;101772;19;23;-1,8
2.10.2012 16:59:41;101768;19;23;-1,8
2.10.2012 17:00:06;101770;19;23;-1,8
2.10.2012 17:00:31;101772;19;23;-1,8
2.10.2012 17:00:56;101781;19;23;-1,8
2.10.2012 17:01:21;101772;19;23;-1,8
2.10.2012 17:01:46;101772;19;23;-1,8
2.10.2012 17:02:11;101773;19;23;-1,8
2.10.2012 17:02:36;101781;19;23;-1,8
2.10.2012 17:03:01;101788;19;23;-1,8
2.10.2012 17:03:26;101781;19;23;-1,8
2.10.2012 17:03:51;101776;19;23;-1,8
2.10.2012 17:04:16;101765;20;23;-1,1
2.10.2012 17:04:41;101774;19;23;-1,8
2.10.2012 17:05:06;101782;19;23;-1,8
2.10.2012 17:05:31;101777;20;23;-1,1
2.10.2012 17:05:56;101785;19;23;-1,8
2.10.2012 17:06:21;101781;19;23;-1,8
2.10.2012 17:06:46;101773;19;23;-1,8
2.10.2012 17:07:11;101786;19;23;-1,8
2.10.2012 17:07:36;101777;19;23;-1,8
2.10.2012 17:08:01;101776;19;23;-1,8
2.10.2012 17:08:26;101782;19;23;-1,8
2.10.2012 17:08:51;101784;19;23;-1,8
2.10.2012 17:09:16;101775;19;23;-1,8
2.10.2012 17:09:41;101781;19;23;-1,8
2.10.2012 17:10:06;101782;19;23;-1,8
2.10.2012 17:10:31;101778;20;23;-1,1
2.10.2012 17:10:56;101779;19;23;-1,8
2.10.2012 17:11:21;101777;19;23;-1,8
2.10.2012 17:11:46;101774;19;23;-1,8
2.10.2012 17:12:11;101775;19;23;-1,8
2.10.2012 17:12:36;101779;19;23;-1,8
2.10.2012 17:13:01;101778;19;23;-1,8
2.10.2012 17:13:26;101780;19;23;-1,8
2.10.2012 17:13:51;101773;20;23;-1,1
2.10.2012 17:14:16;101779;20;23;-1,1
2.10.2012 17:14:41;101774;19;23;-1,8
2.10.2012 17:15:06;101778;19;23;-1,8
2.10.2012 17:15:31;101773;20;23;-1,1
2.10.2012 17:15:56;101782;19;23;-1,8
2.10.2012 17:16:21;101778;19;23;-1,8
2.10.2012 17:16:46;101775;19;23;-1,8
2.10.2012 17:17:11;101770;19;23;-1,8
2.10.2012 17:17:36;101776;19;23;-1,8
2.10.2012 17:18:01;101784;19;23;-1,8
2.10.2012 17:18:26;101782;20;23;-1,1
2.10.2012 17:18:51;101776;18;23;-2,5
2.10.2012 17:19:16;101776;20;23;-1,1
2.10.2012 17:19:41;101782;19;23;-1,8
2.10.2012 17:20:06;101777;20;23;-1,1
2.10.2012 17:20:31;101786;20;23;-1,1
2.10.2012 17:20:56;101778;19;23;-1,8
2.10.2012 17:21:21;101778;19;23;-1,8
2.10.2012 17:21:46;101781;19;23;-1,8
2.10.2012 17:22:11;101781;19;23;-1,8
2.10.2012 17:22:36;101777;19;23;-1,8
2.10.2012 17:23:01;101786;20;23;-1,1
2.10.2012 17:23:26;101782;19;23;-1,8
2.10.2012 17:23:51;101783;20;23;-1,1
2.10.2012 17:24:16;101781;20;23;-1,1
2.10.2012 17:24:41;101785;19;23;-1,8
2.10.2012 17:25:06;101775;20;23;-1,1
2.10.2012 17:25:31;101784;20;23;-1,1
2.10.2012 17:25:56;101782;19;23;-1,8
2.10.2012 17:26:22;101776;19;23;-1,8
2.10.2012 17:26:47;101780;19;23;-1,8
2.10.2012 17:27:12;101780;20;23;-1,1
2.10.2012 17:27:37;101778;19;23;-1,8
2.10.2012 17:28:02;101776;19;23;-1,8
2.10.2012 17:28:27;101773;19;23;-1,8
2.10.2012 17:28:52;101779;19;23;-1,8
2.10.2012 17:29:17;101776;19;23;-1,8
2.10.2012 17:29:42;101769;19;23;-1,8
2.10.2012 17:30:07;101785;20;23;-1,1
2.10.2012 17:30:32;101775;19;23;-1,8
2.10.2012 17:50:12;2,4;2,4;2,4;2,4;2,4;101786;19;23;-1,8
2.10.2012 17:50:37;2,4;2,4;2,4;2,4;2,4;101796;19;23;-1,8
2.10.2012 17:51:02;2,4;2,4;2,4;2,4;2,4;101788;19;23;-1,8
2.10.2012 17:51:28;2,4;2,4;2,4;2,4;2,4;101786;18;23;-2,5
2.10.2012 17:51:53;2,4;2,4;2,4;2,4;2,4;101775;20;23;-1,1
2.10.2012 17:56:28;2,4;2,4;2,4;2,4;3,1;101787;19;23;-1,8
2.10.2012 17:56:53;2,4;2,4;2,4;2,4;2,6;101789;19;23;-1,8
2.10.2012 17:57:18;2,4;2,4;2,4;2,4;2,5;101784;20;23;-1,1
2.10.2012 17:57:44;2,4;2,4;2,4;2,4;2,4;101792;19;23;-1,8
2.10.2012 17:58:09;2,4;2,4;2,4;2,4;2,4;101795;19;23;-1,8
2.10.2012 17:58:34;2,4;2,4;2,4;2,4;2,4;101785;19;23;-1,8
2.10.2012 17:58:59;2,4;2,4;2,4;2,4;2,4;101796;19;23;-1,8
2.10.2012 17:59:24;2,4;2,4;2,4;2,4;2,4;101792;20;23;-1,1
2.10.2012 17:59:49;2,4;2,4;2,4;2,4;2,4;101798;19;23;-1,8
2.10.2012 18:00:14;2,4;2,4;2,4;2,4;2,4;101799;19;23;-1,8
2.10.2012 18:00:39;2,4;2,4;2,4;2,4;2,4;101798;19;23;-1,8
2.10.2012 18:01:04;2,4;2,4;2,4;2,4;2,4;101801;19;23;-1,8
2.10.2012 18:01:29;2,4;2,4;2,4;2,4;2,4;101792;19;23;-1,8
2.10.2012 18:01:54;2,4;2,4;2,4;2,4;2,4;101784;19;23;-1,8
2.10.2012 18:02:19;2,4;2,4;2,4;2,4;2,4;101790;20;23;-1,1
2.10.2012 18:02:44;2,4;2,4;2,4;2,4;2,4;101797;19;23;-1,8
2.10.2012 18:03:09;2,4;2,4;2,4;2,4;2,4;101796;19;23;-1,8
2.10.2012 18:03:34;2,4;2,4;2,4;2,4;2,4;101792;19;23;-1,8
2.10.2012 18:03:59;2,4;2,4;2,4;2,4;2,4;101794;19;23;-1,8
2.10.2012 18:04:24;2,4;2,4;2,4;2,4;2,3;101807;19;23;-1,8
2.10.2012 18:04:49;2,4;2,4;2,4;2,4;2,4;101794;20;23;-1,1
2.10.2012 18:05:14;2,4;2,4;2,4;2,4;2,4;101792;19;23;-1,8
2.10.2012 18:05:39;2,4;2,4;2,3;2,4;2,4;101801;19;23;-1,8
2.10.2012 18:06:04;2,4;2,4;2,3;2,4;2,3;101795;19;23;-1,8
2.10.2012 18:06:29;2,4;2,4;2,3;2,4;2,4;101800;19;23;-1,8
2.10.2012 18:06:54;2,4;2,4;2,4;2,4;2,4;101805;19;23;-1,8
2.10.2012 18:07:19;2,4;2,4;2,4;2,4;2,4;101800;19;23;-1,8
2.10.2012 18:07:44;2,4;2,4;2,4;2,4;2,4;101798;20;23;-1,1
2.10.2012 18:08:09;2,4;2,4;2,4;2,4;2,4;101801;19;23;-1,8
2.10.2012 18:09:37;2,4;2,4;2,4;2,4;2,4;101809;19;23;-1,8
2.10.2012 18:10:02;2,4;2,4;2,4;2,4;2,4;101802;20;23;-1,1
2.10.2012 18:10:27;2,4;2,4;2,4;2,4;2,4;101805;19;23;-1,8
2.10.2012 18:10:52;2,4;2,4;2,4;2,4;2,4;101805;20;23;-1,1
2.10.2012 18:11:17;2,4;2,4;2,4;2,4;2,4;101808;19;23;-1,8
2.10.2012 18:11:42;2,4;2,4;2,4;2,4;2,4;101804;19;23;-1,8
2.10.2012 18:12:07;2,4;2,4;2,4;2,4;2,4;101799;19;23;-1,8
2.10.2012 18:12:32;2,4;2,4;2,4;2,4;2,4;101808;19;23;-1,8
2.10.2012 18:12:57;2,4;2,4;2,4;2,4;2,4;101806;19;23;-1,8
2.10.2012 18:13:22;2,4;2,4;2,4;2,4;2,4;101792;19;23;-1,8
2.10.2012 18:14:24;2,4;2,4;2,4;2,4;2,4;101804;19;23;-1,8
2.10.2012 18:14:49;2,4;2,4;2,4;2,4;2,4;101803;19;23;-1,8
2.10.2012 18:15:14;2,4;2,4;2,4;2,4;2,4;101811;20;23;-1,1
2.10.2012 18:15:39;2,4;2,4;2,4;2,4;2,4;101806;19;23;-1,8
2.10.2012 18:16:04;2,4;2,4;2,4;2,4;2,4;101801;19;23;-1,8
2.10.2012 18:16:29;2,4;2,4;2,4;2,4;2,4;101808;19;23;-1,8
2.10.2012 18:16:54;2,4;2,4;2,4;2,4;2,4;101803;19;23;-1,8
2.10.2012 18:17:19;2,4;2,4;2,4;2,4;2,4;101803;20;23;-1,1
2.10.2012 18:17:44;2,4;2,4;2,4;2,4;2,4;101801;19;23;-1,8
2.10.2012 18:18:09;2,4;2,4;2,4;2,4;2,4;101802;20;23;-1,1
2.10.2012 18:18:34;2,4;2,4;2,4;2,4;2,4;101803;18;23;-2,5
2.10.2012 18:30:22;2,4;2,4;2,4;2,4;2,3;101804;19;23;-1,8
2.10.2012 18:30:47;2,4;2,4;2,4;2,4;2,3;101812;19;23;-1,8
2.10.2012 18:32:31;2,4;2,4;2,4;2,4;2,3;101805;20;23;-1,1
2.10.2012 18:32:56;2,4;2,4;2,4;2,4;2,3;101809;19;23;-1,8
2.10.2012 18:33:21;2,4;2,4;2,4;2,4;2,3;101818;19;23;-1,8
2.10.2012 18:33:46;2,4;2,4;2,4;2,4;2,3;101822;19;23;-1,8
2.10.2012 18:34:11;2,4;2,4;2,4;2,4;2,3;101825;18;23;-2,5
2.10.2012 18:34:36;2,4;2,4;2,4;2,4;2,3;101813;19;23;-1,8
2.10.2012 18:35:01;2,4;2,4;2,4;2,4;2,3;101814;19;23;-1,8
2.10.2012 18:35:26;2,4;2,4;2,4;2,4;2,3;101829;19;23;-1,8
2.10.2012 18:35:51;2,4;2,4;2,4;2,4;2,3;101812;19;23;-1,8
2.10.2012 18:36:16;2,4;2,4;2,4;2,4;2,3;101822;19;23;-1,8
2.10.2012 18:36:41;2,4;2,4;2,4;2,4;2,3;101817;19;23;-1,8
2.10.2012 18:37:07;2,4;2,4;2,4;2,4;2,3;101830;19;23;-1,8
2.10.2012 18:37:32;2,4;2,4;2,4;2,4;2,3;101822;19;23;-1,8
2.10.2012 18:37:57;2,4;2,4;2,4;2,4;2,3;101833;19;23;-1,8
2.10.2012 18:38:22;2,4;2,4;2,4;2,4;2,3;101819;19;23;-1,8
2.10.2012 18:38:47;2,4;2,4;2,4;2,4;2,3;101811;19;23;-1,8
2.10.2012 18:39:12;2,4;2,4;2,4;2,4;2,3;101814;20;23;-1,1
2.10.2012 18:39:37;2,4;2,4;2,4;2,4;2,3;101821;20;23;-1,1
2.10.2012 18:40:02;2,4;2,4;2,4;2,4;2,3;101819;20;23;-1,1
2.10.2012 18:40:27;2,4;2,4;2,4;2,4;2,4;101818;19;23;-1,8
2.10.2012 18:40:52;2,4;2,4;2,4;2,4;2,3;101819;20;23;-1,1
2.10.2012 18:41:17;2,4;2,4;2,4;2,4;2,3;101809;19;23;-1,8
2.10.2012 18:41:42;2,4;2,4;2,4;2,4;2,3;101817;19;23;-1,8
2.10.2012 18:42:07;2,4;2,4;2,4;2,4;2,3;101818;20;23;-1,1
2.10.2012 18:42:32;2,4;2,4;2,4;2,4;2,3;101831;19;23;-1,8
2.10.2012 18:42:57;2,4;2,4;2,4;2,4;2,3;101825;20;23;-1,1
2.10.2012 18:43:22;2,4;2,4;2,4;2,4;2,3;101829;19;23;-1,8
2.10.2012 18:43:47;2,4;2,4;2,4;2,4;2,3;101832;18;23;-2,5
2.10.2012 18:44:12;2,4;2,4;2,4;2,4;2,3;101822;18;23;-2,5
2.10.2012 18:44:37;2,4;2,4;2,4;2,4;2,3;101827;20;23;-1,1
2.10.2012 18:45:02;2,4;2,4;2,4;2,4;2,4;101829;19;23;-1,8
2.10.2012 18:45:27;2,4;2,4;2,4;2,4;2,4;101821;19;23;-1,8
2.10.2012 18:45:52;2,4;2,4;2,4;2,4;2,4;101827;19;23;-1,8
2.10.2012 18:46:17;2,4;2,4;2,4;2,4;2,4;101818;19;23;-1,8
2.10.2012 18:46:42;2,4;2,4;2,4;2,4;2,4;101823;20;23;-1,1
2.10.2012 18:47:07;2,4;2,4;2,4;2,4;2,4;101827;19;23;-1,8
2.10.2012 18:47:32;2,4;2,4;2,4;2,4;2,4;101827;19;23;-1,8
2.10.2012 18:47:57;2,4;2,4;2,4;2,4;2,3;101829;19;23;-1,8
2.10.2012 18:48:22;2,4;2,4;2,4;2,4;2,4;101824;19;23;-1,8
2.10.2012 18:48:47;2,4;2,4;2,4;2,4;2,4;101826;19;23;-1,8
2.10.2012 18:49:12;2,4;2,4;2,4;2,4;2,4;101820;18;23;-2,5
2.10.2012 18:50:39;2,4;2,4;2,4;2,4;2,3;101825;20;23;-1,1
2.10.2012 18:51:04;2,4;2,4;2,4;2,4;2,4;101818;20;23;-1,1
2.10.2012 18:52:50;2,4;2,4;2,4;2,4;2,4;101824;20;23;-1,1
2.10.2012 18:53:15;2,4;2,4;2,4;2,4;2,4;101830;19;23;-1,8
2.10.2012 18:53:40;2,4;2,4;2,4;2,4;2,4;101828;19;23;-1,8
2.10.2012 18:54:05;2,4;2,4;2,4;2,4;2,4;101825;19;23;-1,8
2.10.2012 18:56:03;2,4;2,4;2,4;2,4;2,4;101825;20;23;-1,1
2.10.2012 18:56:28;2,4;2,4;2,4;2,4;2,4;101826;19;23;-1,8
2.10.2012 18:56:53;2,4;2,4;2,4;2,4;2,4;101830;19;23;-1,8
2.10.2012 18:57:18;2,4;2,4;2,4;2,4;2,4;101833;19;23;-1,8
2.10.2012 18:57:43;2,4;2,4;2,4;2,4;2,4;101832;20;23;-1,1
2.10.2012 18:58:08;2,4;2,4;2,4;2,4;2,4;101835;19;23;-1,8
2.10.2012 18:58:33;2,4;2,4;2,4;2,4;2,4;101834;19;23;-1,8
2.10.2012 18:58:58;2,4;2,4;2,4;2,4;2,4;101836;20;23;-1,1
2.10.2012 18:59:23;2,4;2,4;2,4;2,4;2,4;101829;20;23;-1,1
2.10.2012 18:59:48;2,4;2,4;2,4;2,4;2,4;101826;20;23;-1,1
2.10.2012 19:00:13;2,4;2,4;2,4;2,4;2,4;101834;18;23;-2,5
2.10.2012 19:00:56;2,4;2,4;2,4;2,4;2,4;101828;19;23;-1,8
2.10.2012 19:01:21;2,4;2,4;2,4;2,4;2,4;101843;19;23;-1,8
2.10.2012 19:01:46;2,4;2,4;2,4;2,4;2,4;101825;19;23;-1,8
2.10.2012 19:02:11;2,4;2,4;2,4;2,4;2,4;101831;19;23;-1,8
2.10.2012 19:02:36;2,4;2,4;2,4;2,4;2,4;101835;19;23;-1,8
2.10.2012 19:03:01;2,4;2,4;2,4;2,4;2,4;101833;19;23;-1,8
2.10.2012 19:03:26;2,4;2,4;2,4;2,4;2,4;101832;18;23;-2,5
2.10.2012 19:03:51;2,4;2,4;2,4;2,4;2,4;101834;20;23;-1,1
2.10.2012 19:04:16;2,4;2,4;2,4;2,4;2,4;101840;19;23;-1,8
2.10.2012 19:04:41;2,4;2,4;2,4;2,4;2,4;101839;19;23;-1,8
2.10.2012 19:05:06;2,4;2,4;2,4;2,4;2,4;101833;19;23;-1,8
2.10.2012 19:05:32;2,4;2,5;2,4;2,4;2,4;101836;20;23;-1,1
2.10.2012 19:05:57;2,4;2,5;2,4;2,5;2,4;101836;19;23;-1,8
2.10.2012 19:06:22;2,4;2,5;2,5;2,5;2,4;101834;19;23;-1,8
2.10.2012 19:06:47;2,4;2,5;2,5;2,5;2,4;101830;19;23;-1,8
2.10.2012 19:07:12;2,4;2,5;2,5;2,5;2,4;101838;20;23;-1,1
2.10.2012 19:07:37;2,5;2,5;2,5;2,5;2,4;101829;20;23;-1,1
2.10.2012 19:08:02;2,5;2,5;2,5;2,5;2,4;101827;19;23;-1,8
2.10.2012 19:08:27;2,5;2,5;2,5;2,5;2,4;101842;19;23;-1,8
2.10.2012 19:08:52;2,5;2,5;2,5;2,5;2,4;101829;20;23;-1,1
2.10.2012 19:09:17;2,5;2,5;2,5;2,5;2,4;101839;20;23;-1,1
2.10.2012 19:09:42;2,5;2,5;2,5;2,5;2,4;101830;19;23;-1,8
2.10.2012 19:10:07;2,5;2,5;2,5;2,5;2,5;101826;19;23;-1,8
2.10.2012 19:10:32;2,5;2,5;2,5;2,5;2,5;101829;17;23;-3,3
2.10.2012 19:14:02;2,5;2,5;2,5;2,5;2,4;101826;18;23;-2,5
2.10.2012 19:14:27;2,5;2,5;2,5;2,5;2,4;101830;17;23;-3,3
2.10.2012 19:14:52;2,5;2,5;2,5;2,5;2,4;101838;16;23;-4,1
2.10.2012 19:15:17;2,5;2,5;2,5;2,5;2,4;101833;17;23;-3,3
2.10.2012 19:15:42;2,5;2,5;2,5;2,5;2,4;101832;17;23;-3,3
2.10.2012 19:16:30;2,4;2,5;2,5;2,5;2,4;101836;17;23;-3,3
2.10.2012 19:16:55;2,4;2,5;2,4;2,5;2,4;101844;16;23;-4,1
2.10.2012 19:17:20;2,4;2,5;2,5;2,5;2,4;101835;17;23;-3,3
2.10.2012 19:17:45;2,4;2,5;2,5;2,5;2,4;101834;17;23;-3,3
2.10.2012 19:18:10;2,4;2,5;2,5;2,5;2,4;101837;16;23;-4,1
2.10.2012 19:18:35;2,4;2,5;2,4;2,4;2,4;101830;17;23;-3,3
2.10.2012 19:19:00;2,4;2,5;2,5;2,5;2,4;101836;17;23;-3,3
2.10.2012 19:19:25;2,4;2,5;2,5;2,5;2,4;101829;18;23;-2,5
2.10.2012 19:19:50;2,4;2,5;2,5;2,5;2,4;101837;17;23;-3,3
2.10.2012 19:20:15;2,4;2,5;2,5;2,5;2,4;101834;18;23;-2,5
2.10.2012 19:20:40;2,4;2,5;2,5;2,5;2,4;101828;17;23;-3,3
2.10.2012 19:21:06;2,4;2,4;2,4;2,4;2,4;101832;17;23;-3,3
2.10.2012 19:21:31;2,4;2,4;2,4;2,4;2,4;101830;16;23;-4,1
2.10.2012 19:21:56;2,4;2,4;2,5;2,4;2,4;101836;17;23;-3,3
2.10.2012 19:22:21;2,4;2,4;2,4;2,4;2,4;101834;17;23;-3,3
2.10.2012 19:22:46;2,4;2,4;2,4;2,4;2,4;101837;17;23;-3,3
2.10.2012 19:23:11;2,4;2,4;2,4;2,4;2,4;101829;17;23;-3,3
2.10.2012 19:23:36;2,4;2,4;2,4;2,4;2,4;101839;16;23;-4,1
2.10.2012 19:24:01;2,4;2,4;2,4;2,4;2,4;101831;17;23;-3,3
2.10.2012 19:24:26;2,4;2,4;2,4;2,4;2,4;101832;17;23;-3,3
2.10.2012 19:24:51;2,4;2,4;2,4;2,4;2,4;101839;17;23;-3,3
2.10.2012 19:25:16;2,4;2,4;2,4;2,4;2,4;101837;17;23;-3,3
2.10.2012 19:25:41;2,4;2,4;2,4;2,4;2,4;101832;17;23;-3,3
2.10.2012 19:26:06;2,4;2,4;2,4;2,4;2,4;101832;17;23;-3,3
2.10.2012 19:26:31;2,4;2,4;2,4;2,4;2,4;101837;16;23;-4,1
2.10.2012 19:26:56;2,4;2,4;2,4;2,4;2,4;101838;17;23;-3,3
2.10.2012 19:27:21;2,4;2,4;2,4;2,4;2,4;101837;17;23;-3,3
2.10.2012 19:27:46;2,4;2,4;2,4;2,4;2,4;101836;17;23;-3,3
2.10.2012 19:28:11;2,4;2,4;2,4;2,4;2,4;101840;16;23;-4,1
2.10.2012 19:28:36;2,4;2,4;2,4;2,4;2,4;101839;17;23;-3,3
2.10.2012 19:29:01;2,4;2,4;2,4;2,4;2,4;101843;17;23;-3,3
2.10.2012 19:29:26;2,4;2,4;2,4;2,4;2,4;101836;17;23;-3,3
2.10.2012 19:29:51;2,4;2,4;2,4;2,4;2,4;101828;17;23;-3,3
2.10.2012 19:30:16;2,4;2,4;2,4;2,4;2,4;101842;17;23;-3,3
2.10.2012 19:30:41;2,4;2,4;2,4;2,4;2,4;101825;17;23;-3,3
2.10.2012 19:31:06;2,4;2,4;2,4;2,4;2,4;101828;17;23;-3,3
2.10.2012 19:31:31;2,4;2,4;2,4;2,4;2,4;101842;17;23;-3,3
2.10.2012 19:31:56;2,4;2,4;2,4;2,4;2,4;101838;17;23;-3,3
2.10.2012 19:32:21;2,4;2,4;2,4;2,4;2,4;101834;17;23;-3,3
2.10.2012 19:32:46;2,4;2,4;2,4;2,4;2,4;101832;17;23;-3,3
2.10.2012 19:33:11;2,4;2,4;2,4;2,4;2,4;101834;17;23;-3,3
2.10.2012 19:33:36;2,4;2,4;2,4;2,4;2,4;101833;17;23;-3,3
2.10.2012 19:34:01;2,4;2,4;2,4;2,4;2,4;101837;17;23;-3,3
2.10.2012 19:34:26;2,4;2,4;2,4;2,4;2,4;101845;18;23;-2,5
2.10.2012 19:35:31;2,4;2,4;2,4;2,4;2,4;101842;17;23;-3,3
2.10.2012 19:35:56;2,4;2,4;2,4;2,4;2,4;101836;17;23;-3,3
2.10.2012 19:36:21;2,4;2,4;2,4;2,4;2,4;101845;16;23;-4,1
2.10.2012 19:36:46;2,4;2,5;2,4;2,4;2,4;101833;17;23;-3,3
2.10.2012 19:37:11;2,4;2,5;2,4;2,4;2,4;101838;16;23;-4,1
2.10.2012 19:37:36;2,4;2,5;2,4;2,4;2,4;101845;17;23;-3,3
2.10.2012 19:38:01;2,4;2,5;2,4;2,4;2,4;101835;17;23;-3,3
2.10.2012 19:38:26;2,4;2,5;2,4;2,4;2,4;101840;18;23;-2,5
2.10.2012 19:38:51;2,4;2,4;2,4;2,4;2,4;101834;17;23;-3,3
2.10.2012 19:39:16;2,4;2,4;2,4;2,4;2,4;101839;18;23;-2,5
2.10.2012 19:39:41;2,4;2,4;2,4;2,4;2,4;101842;17;23;-3,3
2.10.2012 19:40:07;2,4;2,4;2,4;2,4;2,4;101846;17;23;-3,3
2.10.2012 19:40:32;2,4;2,4;2,4;2,4;2,4;101848;17;23;-3,3
2.10.2012 19:40:57;2,4;2,4;2,4;2,4;2,4;101836;17;23;-3,3
2.10.2012 19:41:22;2,4;2,4;2,4;2,4;2,4;101839;16;23;-4,1
2.10.2012 19:41:47;2,4;2,4;2,4;2,4;2,4;101838;17;23;-3,3
2.10.2012 19:43:10;2,4;2,5;2,4;2,4;2,4;101843;17;23;-3,3;0;0;0,0
2.10.2012 19:43:35;2,4;2,5;2,4;2,5;2,4;101844;17;23;-3,3;0;0;0,0
2.10.2012 19:44:00;2,5;2,5;2,4;2,5;2,4;101843;17;23;-3,3;0;0;0,0
2.10.2012 19:44:26;2,5;2,5;2,4;2,5;2,4;101843;17;23;-3,3;0;0;0,0
2.10.2012 19:44:51;2,5;2,5;2,4;2,5;2,4;101847;16;23;-4,1;0;0;0,0
2.10.2012 19:45:16;2,5;2,5;2,4;2,4;2,4;101833;17;23;-3,3;0;0;0,0
2.10.2012 19:45:41;2,5;2,5;2,4;2,5;2,4;101837;17;23;-3,3;0;0;0,0
2.10.2012 19:46:06;2,5;2,5;2,4;2,5;2,5;101838;17;23;-3,3;0;0;0,0
2.10.2012 19:46:31;2,5;2,5;2,4;2,5;2,5;101836;16;23;-4,1;0;0;0,0
2.10.2012 19:46:56;2,5;2,5;2,4;2,5;2,5;101837;17;23;-3,3;0;0;0,0
2.10.2012 19:47:21;2,5;2,5;2,4;2,5;2,5;101837;18;23;-2,5;0;0;0,0
2.10.2012 19:47:47;2,5;2,5;2,4;2,5;2,5;101840;17;23;-3,3;0;0;0,0
2.10.2012 19:48:12;2,5;2,5;2,4;2,5;2,5;101851;17;23;-3,3;0;0;0,0
2.10.2012 19:48:37;2,5;2,5;2,4;2,5;2,5;101850;17;23;-3,3;0;0;0,0
2.10.2012 19:49:02;2,5;2,5;2,4;2,5;2,5;101832;18;23;-2,5;0;0;0,0
2.10.2012 19:49:27;2,5;2,5;2,4;2,5;2,5;101840;17;23;-3,3;0;0;0,0
2.10.2012 19:49:52;2,5;2,5;2,4;2,5;2,5;101832;17;23;-3,3;0;0;0,0
2.10.2012 19:50:17;2,5;2,5;2,4;2,5;2,5;101844;17;23;-3,3;0;0;0,0
2.10.2012 19:50:42;2,5;2,5;2,4;2,5;2,5;101838;17;23;-3,3;58;24;15,2
2.10.2012 19:51:07;2,5;2,5;2,4;2,5;2,5;101844;46;26;13,4;58;23;14,2
2.10.2012 19:51:32;2,5;2,5;2,4;2,4;2,4;101835;47;25;12,9;58;23;14,2
2.10.2012 19:51:57;2,5;2,5;2,5;2,5;2,5;101846;38;24;8,8;58;23;14,2
2.10.2012 19:52:22;2,5;2,5;2,5;2,5;2,5;101837;26;23;2,4;58;23;14,2
2.10.2012 19:52:47;2,5;2,5;2,5;2,5;2,4;101840;23;23;0,7;60;25;16,6
2.10.2012 19:53:12;2,5;2,5;2,5;2,5;2,4;101838;21;23;0,4;59;25;16,4
2.10.2012 19:53:37;2,5;2,5;2,4;2,5;2,4;101829;20;23;-1,1;58;25;16,1
2.10.2012 19:54:02;2,5;2,5;2,4;2,5;2,4;101836;20;23;-1,1;59;24;15,4
2.10.2012 19:54:27;2,5;2,5;2,4;2,5;2,4;101833;20;23;-1,1;59;24;15,4
2.10.2012 19:54:52;2,5;2,5;2,4;2,5;2,4;101837;20;23;-1,1;59;24;15,4
2.10.2012 19:55:17;2,5;2,5;2,4;2,5;2,4;101835;19;23;-1,8;59;24;15,4
2.10.2012 19:55:42;2,5;2,5;2,4;2,5;2,4;101836;18;23;-2,5;59;24;15,4
2.10.2012 19:56:07;2,5;2,5;2,4;2,5;2,4;101844;18;23;-2,5;59;24;15,4
2.10.2012 19:56:32;2,5;2,5;2,4;2,5;2,4;101852;18;23;-2,5;59;24;15,4
2.10.2012 19:56:57;2,5;2,5;2,4;2,5;2,4;101835;19;23;-1,8;59;24;15,4
2.10.2012 19:57:22;2,5;2,5;2,4;2,5;2,4;101837;18;23;-2,5;60;24;15,7
2.10.2012 19:57:47;2,5;2,5;2,4;2,5;2,4;101834;18;23;-2,5;60;24;15,7
2.10.2012 19:58:12;2,5;2,5;2,4;2,5;2,4;101840;19;23;-1,8;60;24;15,7
2.10.2012 19:58:37;2,5;2,5;2,4;2,5;2,4;101833;18;23;-2,5;60;24;15,7
2.10.2012 19:59:02;2,5;2,5;2,5;2,5;2,4;101837;18;23;-2,5;60;23;14,8
2.10.2012 19:59:27;2,5;2,5;2,4;2,5;2,4;101842;18;23;-2,5;60;23;14,8
2.10.2012 20:00:13;2,5;2,5;2,4;2,5;2,4;101838;18;23;-2,5;62;24;16,2
2.10.2012 20:00:38;2,5;2,5;2,4;2,5;2,4;101846;19;23;-1,8;61;24;16,0
2.10.2012 20:01:03;2,5;2,5;2,4;2,5;2,4;101847;19;23;-1,8;61;23;15,0
2.10.2012 20:01:28;2,5;2,5;2,4;2,5;2,4;101847;18;23;-2,5;61;23;15,0
2.10.2012 20:01:53;2,5;2,5;2,4;2,5;2,4;101852;18;23;-2,5;61;23;15,0
2.10.2012 20:02:18;2,5;2,5;2,4;2,5;2,4;101842;19;23;-1,8;61;23;15,0
2.10.2012 20:02:43;2,5;2,5;2,4;2,4;2,4;101845;18;23;-2,5;61;23;15,0
2.10.2012 20:03:08;2,5;2,5;2,4;2,4;2,4;101847;18;23;-2,5;61;23;15,0
2.10.2012 20:03:33;2,5;2,5;2,4;2,4;2,4;101849;18;23;-2,5;61;23;15,0
2.10.2012 20:03:58;2,5;2,5;2,4;2,4;2,4;101847;18;23;-2,5;61;23;15,0
2.10.2012 20:04:23;2,5;2,5;2,4;2,4;2,4;101846;18;23;-2,5;60;23;14,8
2.10.2012 20:04:49;2,5;2,5;2,4;2,4;2,4;101850;18;23;-2,5;60;23;14,8
2.10.2012 20:05:14;2,5;2,5;2,4;2,4;2,4;101847;18;23;-2,5;61;23;15,0
2.10.2012 20:05:39;2,5;2,5;2,4;2,4;2,4;101852;18;23;-2,5;60;23;14,8
2.10.2012 20:06:04;2,5;2,5;2,4;2,4;2,4;101845;18;23;-2,5;60;23;14,8
2.10.2012 20:06:29;2,5;2,5;2,4;2,4;2,4;101845;18;23;-2,5;60;23;14,8
2.10.2012 20:06:54;2,5;2,5;2,4;2,4;2,4;101861;18;23;-2,5;60;23;14,8
2.10.2012 20:07:19;2,5;2,5;2,4;2,4;2,4;101851;18;23;-2,5;60;23;14,8
2.10.2012 20:07:44;2,5;2,5;2,4;2,4;2,4;101849;17;23;-3,3;60;23;14,8
2.10.2012 20:08:09;2,5;2,5;2,4;2,4;2,4;101852;18;23;-2,5;60;23;14,8
2.10.2012 20:08:34;2,5;2,5;2,4;2,4;2,4;101848;17;23;-3,3;60;23;14,8
2.10.2012 20:08:59;2,5;2,5;2,4;2,4;2,4;101855;18;23;-2,5;60;23;14,8
2.10.2012 20:09:24;2,5;2,5;2,4;2,4;2,4;101856;18;23;-2,5;60;23;14,8
2.10.2012 20:09:49;2,5;2,5;2,4;2,5;2,4;101855;17;23;-3,3;60;23;14,8
2.10.2012 20:10:14;2,5;2,5;2,5;2,5;2,4;101852;18;23;-2,5;60;23;14,8
2.10.2012 20:10:39;2,5;2,5;2,5;2,5;2,4;101850;18;23;-2,5;60;23;14,8
2.10.2012 20:11:04;2,5;2,5;2,5;2,5;2,4;101848;17;23;-3,3;60;23;14,8
2.10.2012 20:11:29;2,5;2,5;2,5;2,5;2,4;101856;17;23;-3,3;60;23;14,8
2.10.2012 20:11:54;2,5;2,5;2,5;2,5;2,4;101859;18;23;-2,5;60;23;14,8
2.10.2012 20:12:19;2,5;2,5;2,5;2,5;2,4;101852;18;23;-2,5;60;23;14,8
2.10.2012 20:12:44;2,5;2,5;2,5;2,5;2,4;101845;18;23;-2,5;60;23;14,8
2.10.2012 20:13:10;2,5;2,5;2,5;2,5;2,4;101847;17;23;-3,3;60;23;14,8
2.10.2012 20:13:35;2,5;2,5;2,5;2,5;2,4;101852;18;23;-2,5;60;23;14,8
2.10.2012 20:14:00;2,5;2,5;2,4;2,5;2,4;101859;18;23;-2,5;60;23;14,8
2.10.2012 20:14:25;2,5;2,5;2,5;2,5;2,4;101851;18;23;-2,5;60;23;14,8
2.10.2012 20:14:50;2,5;2,5;2,4;2,4;2,4;101860;18;23;-2,5;60;23;14,8
2.10.2012 20:15:15;2,4;2,5;2,5;2,4;2,4;101851;18;23;-2,5;60;23;14,8
2.10.2012 20:15:40;2,4;2,5;2,4;2,4;2,4;101862;18;23;-2,5;60;23;14,8
2.10.2012 20:16:05;2,4;2,5;2,4;2,4;2,4;101863;18;23;-2,5;60;23;14,8
2.10.2012 20:16:30;2,4;2,5;2,4;2,4;2,4;101848;18;23;-2,5;60;23;14,8
2.10.2012 20:16:55;2,4;2,4;2,4;2,4;2,4;101856;18;23;-2,5;60;23;14,8
2.10.2012 20:17:20;2,4;2,4;2,4;2,4;2,4;101852;18;23;-2,5;60;23;14,8
2.10.2012 20:17:45;2,4;2,4;2,4;2,4;2,4;101854;17;23;-3,3;60;23;14,8
2.10.2012 20:18:10;2,4;2,4;2,4;2,4;2,4;101853;18;23;-2,5;60;23;14,8
2.10.2012 20:18:35;2,4;2,5;2,4;2,4;2,4;101848;19;24;-1,0;60;23;14,8
2.10.2012 20:19:00;2,5;2,5;2,4;2,4;2,4;101852;19;25;0,2;60;23;14,8
2.10.2012 20:19:25;2,5;2,5;2,5;2,4;2,4;101852;18;25;0,9;60;23;14,8
2.10.2012 20:19:50;2,5;2,5;2,4;2,4;2,4;101858;17;25;-1,7;60;23;14,8
2.10.2012 20:20:15;2,5;2,5;2,4;2,4;2,4;101849;16;25;-2,5;60;23;14,8
2.10.2012 20:20:40;2,5;2,5;2,4;2,4;2,4;101858;17;25;-1,7;60;23;14,8
2.10.2012 20:21:05;2,5;2,5;2,4;2,4;2,4;101850;17;24;-2,5;60;23;14,8
2.10.2012 20:21:30;2,5;2,5;2,4;2,4;2,4;101859;18;24;-1,7;60;23;14,8
2.10.2012 20:21:55;2,5;2,5;2,4;2,4;2,4;101863;17;24;-2,5;60;23;14,8
2.10.2012 20:22:20;2,5;2,5;2,4;2,4;2,4;101857;17;24;-2,5;60;23;14,8
2.10.2012 20:22:45;2,5;2,5;2,4;2,4;2,4;101849;17;23;-3,3;60;23;14,8
2.10.2012 20:23:10;2,5;2,5;2,4;2,4;2,4;101854;18;23;-2,5;60;23;14,8
2.10.2012 20:23:35;2,5;2,5;2,4;2,4;2,4;101849;17;23;-3,3;60;23;14,8
2.10.2012 20:29:40;2,5;2,5;2,5;2,5;2,4;101856;42;30;15,6;0;0;0,0
2.10.2012 20:30:05;2,5;2,5;2,5;2,5;2,4;101845;42;29;14,7;0;0;0,0
2.10.2012 20:30:30;2,5;2,5;2,5;2,5;2,4;101848;44;28;14,6;0;0;0,0
2.10.2012 20:30:55;2,5;2,5;2,5;2,5;2,4;101850;45;27;14,0;0;0;0,0
2.10.2012 20:31:20;2,5;2,5;2,5;2,5;2,4;101856;46;27;14,3;0;0;0,0
2.10.2012 20:31:45;2,5;2,5;2,5;2,5;2,4;101857;48;26;14,1;0;0;0,0
2.10.2012 20:32:10;2,5;2,5;2,5;2,5;2,4;101856;53;28;17,5;0;0;0,0
2.10.2012 20:32:35;2,5;2,5;2,5;2,5;2,4;101852;54;28;17,8;0;0;0,0
2.10.2012 20:33:00;2,5;2,5;2,5;2,5;2,4;101848;53;24;13,8;0;0;0,0
2.10.2012 20:41:11;2,5;2,5;2,5;2,5;2,5;101850;17;24;-2,5;46;30;17,1
2.10.2012 20:41:36;2,5;2,5;2,5;2,5;2,5;101851;18;24;-1,7;44;30;16,4
2.10.2012 20:42:01;2,5;2,5;2,4;2,5;2,5;101858;18;24;-1,7;44;30;16,4
2.10.2012 20:42:26;2,5;2,5;2,4;2,4;2,5;101849;18;24;-1,7;45;29;15,8
2.10.2012 20:42:51;2,5;2,5;2,4;2,4;2,5;101855;18;24;-1,7;46;28;15,3
2.10.2012 20:43:16;2,5;2,5;2,4;2,4;2,5;101855;18;24;-1,7;46;27;14,3
2.10.2012 20:43:41;2,5;2,5;2,4;2,4;2,5;101854;17;24;-2,5;47;27;14,7
2.10.2012 20:44:06;2,5;2,5;2,4;2,4;2,5;101847;17;24;-2,5;49;26;14,4
2.10.2012 20:44:48;2,5;2,5;2,4;2,4;2,5;101855;17;24;-2,5;54;25;15,0
2.10.2012 20:45:13;2,5;2,5;2,4;2,4;2,5;101850;18;24;-1,7;55;28;18,1
2.10.2012 20:46:52;2,5;2,5;2,4;2,4;2,5;101852;18;24;-1,7;57;28;18,6
2.10.2012 20:47:17;2,5;2,5;2,4;2,4;2,5;101849;18;24;-1,7;58;24;15,2
2.10.2012 20:47:42;2,5;2,5;2,4;2,4;2,5;101851;17;24;-2,5;57;27;17,7
2.10.2012 20:48:07;2,5;2,5;2,4;2,4;2,5;101848;17;24;-2,5;57;27;17,7
2.10.2012 20:48:32;2,5;2,5;2,4;2,4;2,5;101859;17;24;-2,5;0;0;0,0
2.10.2012 20:48:57;2,5;2,5;2,5;2,4;2,5;101858;58;24;15,2;0;0;0,0
2.10.2012 20:49:22;2,5;2,5;2,5;2,5;2,5;101855;58;27;18,0;18;24;-1,7
2.10.2012 20:49:47;2,5;2,5;2,5;2,5;2,5;101857;58;27;18,0;17;24;-2,5
2.10.2012 20:50:12;2,5;2,5;2,4;2,5;2,5;101858;58;27;18,0;17;24;-2,5
2.10.2012 20:50:37;2,5;2,5;2,4;2,5;2,5;101855;58;27;18,0;17;24;-2,5
2.10.2012 20:51:02;2,5;2,5;2,4;2,4;2,5;101857;58;24;15,2;18;24;-1,7
2.10.2012 20:51:28;2,5;2,5;2,4;2,5;2,5;101858;58;27;18,0;18;24;-1,7
2.10.2012 20:51:53;2,5;2,5;2,4;2,5;2,5;101858;58;27;18,0;17;24;-2,5
2.10.2012 20:52:18;2,5;2,5;2,4;2,4;2,5;101858;58;27;18,0;18;24;-1,7
2.10.2012 20:52:43;2,5;2,5;2,4;2,5;2,5;101860;58;27;18,0;17;24;-2,5
2.10.2012 20:53:08;2,5;2,5;2,4;2,5;2,5;101849;59;24;15,4;18;24;-1,7
2.10.2012 20:53:33;2,5;2,5;2,4;2,4;2,5;101855;58;27;18,0;17;24;-2,5
2.10.2012 20:53:58;2,5;2,5;2,4;2,4;2,5;101849;58;27;18,0;18;24;-1,7
2.10.2012 20:54:23;2,5;2,5;2,4;2,4;2,5;101853;58;27;18,0;17;24;-2,5
2.10.2012 20:54:48;2,5;2,5;2,4;2,4;2,5;101860;58;27;18,0;17;24;-2,5
2.10.2012 20:55:13;2,5;2,5;2,4;2,4;2,5;101850;59;23;14,5;17;24;-2,5
2.10.2012 20:55:38;2,5;2,5;2,5;2,4;2,5;101852;59;23;14,5;17;24;-2,5
2.10.2012 20:56:03;2,5;2,5;2,4;2,4;2,5;101849;58;27;18,0;17;24;-2,5
2.10.2012 20:56:28;2,5;2,5;2,4;2,4;2,5;101850;58;27;18,0;17;24;-2,5
2.10.2012 20:56:53;2,5;2,5;2,4;2,4;2,5;101846;59;26;17,3;17;24;-2,5
2.10.2012 20:57:18;2,5;2,5;2,4;2,4;2,5;101858;58;27;18,0;18;24;-1,7
2.10.2012 20:57:43;2,5;2,5;2,4;2,4;2,5;101846;59;23;14,5;18;24;-1,7
2.10.2012 20:58:08;2,5;2,5;2,4;2,4;2,5;101852;59;23;14,5;17;24;-2,5
2.10.2012 20:58:33;2,5;2,5;2,4;2,4;2,5;101846;59;26;17,3;17;24;-2,5
2.10.2012 20:58:58;2,5;2,5;2,4;2,4;2,5;101847;59;26;17,3;18;24;-1,7
2.10.2012 20:59:23;2,5;2,5;2,4;2,4;2,5;101848;59;26;17,3;18;24;-1,7
2.10.2012 20:59:49;2,5;2,5;2,4;2,4;2,5;101856;58;27;18,0;18;24;-1,7
2.10.2012 21:00:14;2,5;2,5;2,4;2,4;2,5;101856;59;23;14,5;18;24;-1,7
2.10.2012 21:00:39;2,5;2,5;2,4;2,4;2,5;101851;59;26;17,3;17;24;-2,5
2.10.2012 21:01:04;2,5;2,5;2,4;2,4;2,5;101853;59;26;17,3;17;24;-2,5
2.10.2012 21:01:29;2,5;2,5;2,4;2,4;2,5;101850;59;26;17,3;17;24;-2,5
2.10.2012 21:01:54;2,5;2,5;2,4;2,4;2,5;101853;59;26;17,3;18;24;-1,7
2.10.2012 21:02:19;2,5;2,5;2,4;2,4;2,5;101849;59;26;17,3;17;24;-2,5
2.10.2012 21:02:44;2,5;2,5;2,4;2,4;2,5;101844;59;26;17,3;18;24;-1,7
2.10.2012 21:03:09;2,5;2,5;2,4;2,4;2,5;101838;59;26;17,3;18;24;-1,7
2.10.2012 21:03:34;2,5;2,5;2,4;2,4;2,5;101856;59;26;17,3;18;24;-1,7
2.10.2012 21:03:59;2,5;2,5;2,4;2,4;2,5;101845;59;23;14,5;17;24;-2,5
2.10.2012 21:04:24;2,5;2,5;2,4;2,4;2,5;101850;59;23;14,5;17;24;-2,5
2.10.2012 21:04:49;2,5;2,5;2,4;2,4;2,5;101844;59;26;17,3;17;24;-2,5
2.10.2012 21:05:14;2,5;2,5;2,4;2,4;2,5;101843;59;26;17,3;17;24;-2,5
2.10.2012 21:05:39;2,5;2,5;2,4;2,4;2,5;101845;59;26;17,3;18;24;-1,7
2.10.2012 21:06:04;2,5;2,5;2,4;2,4;2,5;101848;59;26;17,3;17;24;-2,5
2.10.2012 21:06:29;2,5;2,5;2,4;2,4;2,5;101845;59;26;17,3;17;24;-2,5
2.10.2012 21:06:54;2,5;2,5;2,4;2,4;2,5;101850;59;23;14,5;17;24;-2,5
2.10.2012 21:07:19;2,5;2,5;2,4;2,4;2,5;101847;59;26;17,3;17;24;-2,5
2.10.2012 21:07:44;2,5;2,5;2,4;2,4;2,5;101839;59;26;17,3;17;24;-2,5
2.10.2012 21:08:09;2,5;2,5;2,4;2,4;2,5;101852;58;27;18,0;18;24;-1,7
2.10.2012 21:08:34;2,5;2,5;2,4;2,4;2,5;101844;59;23;14,5;17;24;-2,5
2.10.2012 21:08:59;2,5;2,5;2,4;2,4;2,5;101847;59;26;17,3;17;24;-2,5
2.10.2012 21:09:24;2,5;2,5;2,4;2,4;2,5;101848;59;26;17,3;17;24;-2,5
2.10.2012 21:09:49;2,5;2,5;2,4;2,4;2,5;101852;59;26;17,3;17;24;-2,5
2.10.2012 21:10:14;2,5;2,5;2,4;2,4;2,5;101844;59;26;17,3;17;24;-2,5
2.10.2012 21:10:39;2,5;2,5;2,4;2,4;2,5;101837;59;23;14,5;17;24;-2,5
2.10.2012 21:11:04;2,5;2,5;2,4;2,4;2,5;101843;59;23;14,5;17;24;-2,5
2.10.2012 21:13:45;2,5;2,5;2,5;2,5;2,5;101838;61;24;16,0;20;25;0,5
2.10.2012 21:14:10;2,5;2,5;2,4;2,5;2,5;101850;61;24;16,0;20;25;0,5
2.10.2012 21:15:12;2,5;2,5;2,5;2,5;2,5;101830;57;26;16,8;10;23;-10,2
2.10.2012 21:15:37;2,5;2,5;2,5;2,5;2,5;101834;56;26;16,5;10;23;-10,2
2.10.2012 21:16:02;2,5;2,5;2,4;2,5;2,5;101835;56;26;16,5;10;23;-10,2
2.10.2012 21:16:28;2,5;2,5;2,4;2,4;2,5;101829;56;26;16,5;10;23;-10,2
2.10.2012 21:16:53;2,5;2,5;2,4;2,4;2,5;101831;56;26;16,5;10;23;-10,2
2.10.2012 21:17:18;2,5;2,5;2,4;2,4;2,5;101822;56;26;16,5;10;23;-10,2
2.10.2012 21:17:43;2,5;2,5;2,4;2,4;2,5;101833;56;26;16,5;10;23;-10,2
2.10.2012 21:18:08;2,5;2,5;2,4;2,4;2,5;101838;56;26;16,5;10;23;-10,2
2.10.2012 21:18:33;2,5;2,5;2,4;2,4;2,5;101837;56;26;16,5;10;23;-10,2
2.10.2012 21:18:58;2,5;2,5;2,4;2,4;2,5;101836;56;26;16,5;10;23;-10,2
2.10.2012 21:19:23;2,5;2,5;2,4;2,4;2,5;101832;56;26;16,5;10;23;-10,2
2.10.2012 21:19:49;2,5;2,5;2,4;2,4;2,5;101837;56;26;16,5;10;23;-10,2
2.10.2012 21:20:14;2,5;2,5;2,4;2,4;2,5;101835;56;26;16,5;10;23;-10,2
2.10.2012 21:20:39;2,5;2,5;2,4;2,4;2,5;101837;56;26;16,5;10;23;-10,2
2.10.2012 21:21:04;2,5;2,5;2,4;2,4;2,5;101836;56;26;16,5;10;23;-10,2
2.10.2012 21:21:29;2,5;2,5;2,4;2,4;2,5;101843;56;26;16,5;10;23;-10,2
2.10.2012 21:21:54;2,5;2,5;2,4;2,4;2,5;101839;56;26;16,5;10;23;-10,2
2.10.2012 21:22:19;2,5;2,5;2,4;2,4;2,5;101835;56;26;16,5;10;23;-10,2
2.10.2012 21:22:44;2,5;2,5;2,4;2,4;2,5;101844;56;26;16,5;10;23;-10,2
2.10.2012 21:23:09;2,5;2,5;2,4;2,4;2,5;101831;56;26;16,5;10;23;-10,2
2.10.2012 21:23:34;2,5;2,5;2,4;2,4;2,5;101832;56;26;16,5;10;23;-10,2
2.10.2012 21:23:59;2,5;2,5;2,4;2,4;2,5;101840;56;26;16,5;10;23;-10,2
2.10.2012 21:24:24;2,5;2,5;2,4;2,4;2,5;101842;56;26;16,5;10;23;-10,2
2.10.2012 21:24:49;2,5;2,5;2,4;2,4;2,5;101830;56;26;16,5;10;23;-10,2
2.10.2012 21:25:14;2,5;2,5;2,4;2,4;2,5;101831;56;26;16,5;10;23;-10,2
2.10.2012 21:25:39;2,5;2,5;2,4;2,5;2,5;101840;56;26;16,5;10;23;-10,2
2.10.2012 21:26:04;2,5;2,5;2,4;2,5;2,5;101840;56;26;16,5;10;23;-10,2
2.10.2012 21:27:11;2,5;2,5;2,5;2,5;2,5;101842;60;23;14,8;20;25;0,5
2.10.2012 21:27:36;2,5;2,5;2,5;2,5;2,5;101833;61;24;16,0;21;25;1,1
2.10.2012 21:28:01;2,5;2,5;2,4;2,5;2,5;101845;60;23;14,8;20;25;0,5
2.10.2012 21:28:26;2,5;2,5;2,4;2,5;2,5;101845;60;24;15,7;19;25;0,2
2.10.2012 21:28:51;2,5;2,5;2,4;2,5;2,5;101837;60;24;15,7;19;25;0,2
2.10.2012 21:29:16;2,5;2,5;2,4;2,4;2,5;101849;60;24;15,7;19;25;0,2
2.10.2012 21:29:41;2,5;2,5;2,4;2,4;2,5;101838;60;24;15,7;19;25;0,2
2.10.2012 21:30:06;2,5;2,5;2,4;2,4;2,5;101837;60;23;14,8;19;25;0,2
2.10.2012 21:30:31;2,5;2,5;2,4;2,4;2,5;101848;60;24;15,7;20;25;0,5
2.10.2012 21:30:56;2,5;2,5;2,4;2,4;2,5;101844;61;24;16,0;21;25;1,1
2.10.2012 21:31:21;2,5;2,5;2,4;2,4;2,5;101845;61;24;16,0;20;25;0,5
2.10.2012 21:31:48;2,5;2,5;2,4;2,4;2,5;101839;60;24;15,7;21;25;1,1
2.10.2012 21:32:13;2,5;2,5;2,4;2,4;2,5;101844;60;23;14,8;19;25;0,2
2.10.2012 21:32:38;2,5;2,5;2,4;2,4;2,5;101848;60;24;15,7;21;25;1,1
2.10.2012 21:33:03;2,5;2,5;2,4;2,4;2,5;101844;60;23;14,8;19;25;0,2
2.10.2012 21:33:28;2,5;2,5;2,4;2,4;2,5;101853;61;24;16,0;21;25;1,1
2.10.2012 21:33:53;2,5;2,5;2,4;2,4;2,5;101849;60;23;14,8;19;25;0,2
2.10.2012 21:34:18;2,5;2,5;2,4;2,4;2,5;101855;60;23;14,8;20;25;0,5
2.10.2012 21:34:43;2,5;2,5;2,4;2,4;2,5;101858;60;23;14,8;19;25;0,2
2.10.2012 21:35:08;2,5;2,5;2,4;2,4;2,5;101852;60;23;14,8;19;25;0,2
2.10.2012 21:35:33;2,5;2,5;2,4;2,4;2,5;101857;60;23;14,8;20;25;0,5
2.10.2012 21:35:58;2,5;2,5;2,4;2,4;2,5;101854;61;24;16,0;21;25;1,1
2.10.2012 21:36:23;2,5;2,5;2,4;2,4;2,5;101857;60;23;14,8;19;25;0,2
2.10.2012 21:36:48;2,5;2,5;2,4;2,4;2,5;101858;60;23;14,8;20;25;0,5
2.10.2012 21:37:13;2,5;2,5;2,4;2,4;2,5;101857;60;23;14,8;21;25;1,1
2.10.2012 21:37:38;2,5;2,5;2,4;2,4;2,4;101851;60;23;14,8;20;25;0,5
2.10.2012 21:38:03;2,5;2,5;2,4;2,4;2,5;101853;60;23;14,8;20;25;0,5
2.10.2012 21:38:28;2,5;2,5;2,4;2,4;2,5;101853;60;23;14,8;19;25;0,2
2.10.2012 21:38:53;2,5;2,5;2,4;2,4;2,5;101847;60;23;14,8;21;25;1,1
2.10.2012 21:39:52;2,5;2,5;2,4;2,4;2,5;101835;60;24;15,7;21;25;1,1
2.10.2012 21:40:17;2,5;2,5;2,4;2,4;2,5;101837;60;23;14,8;18;25;0,9
2.10.2012 21:40:42;2,5;2,5;2,4;2,4;2,5;101848;60;23;14,8;18;25;0,9
2.10.2012 21:41:08;2,5;2,5;2,4;2,4;2,5;101838;59;24;15,4;21;25;1,1
2.10.2012 21:41:33;2,5;2,5;2,4;2,4;2,5;101853;60;24;15,7;20;25;0,5
2.10.2012 21:41:58;2,5;2,5;2,4;2,4;2,5;101856;59;24;15,4;21;25;1,1
2.10.2012 21:42:23;2,5;2,5;2,4;2,4;2,5;101855;60;23;14,8;19;25;0,2
2.10.2012 21:42:48;2,5;2,5;2,4;2,4;2,5;101849;60;23;14,8;19;25;0,2
2.10.2012 21:43:13;2,5;2,5;2,4;2,4;2,5;101853;60;23;14,8;20;25;0,5
2.10.2012 21:43:38;2,5;2,5;2,4;2,4;2,5;101851;60;24;15,7;20;25;0,5
2.10.2012 21:44:03;2,5;2,5;2,4;2,4;2,5;101858;60;24;15,7;20;25;0,5
2.10.2012 21:44:29;2,5;2,5;2,4;2,4;2,5;101848;60;23;14,8;19;25;0,2
2.10.2012 21:44:54;2,5;2,5;2,4;2,4;2,5;101849;60;23;14,8;19;25;0,2
2.10.2012 21:45:19;2,5;2,5;2,4;2,4;2,5;101848;60;23;14,8;19;25;0,2
2.10.2012 21:45:44;2,5;2,5;2,4;2,4;2,5;101855;60;24;15,7;20;25;0,5
2.10.2012 21:46:09;2,5;2,5;2,4;2,4;2,5;101858;60;23;14,8;19;25;0,2
2.10.2012 21:46:34;2,5;2,5;2,4;2,4;2,5;101855;60;23;14,8;20;25;0,5
2.10.2012 21:46:59;2,5;2,5;2,4;2,4;2,5;101848;60;23;14,8;19;25;0,2
2.10.2012 21:47:24;2,5;2,5;2,4;2,4;2,5;101857;60;23;14,8;20;25;0,5
2.10.2012 21:47:49;2,5;2,5;2,4;2,4;2,5;101853;60;24;15,7;20;25;0,5
2.10.2012 21:48:14;2,5;2,5;2,4;2,4;2,5;101859;60;24;15,7;20;25;0,5
2.10.2012 21:48:39;2,5;2,5;2,4;2,4;2,5;101852;60;23;14,8;20;25;0,5
2.10.2012 21:49:04;2,5;2,5;2,4;2,4;2,5;101851;60;23;14,8;20;24;0,3
2.10.2012 21:49:29;2,5;2,5;2,4;2,4;2,5;101864;60;24;15,7;21;25;1,1
2.10.2012 21:49:54;2,5;2,5;2,4;2,4;2,5;101853;60;24;15,7;21;25;1,1
2.10.2012 21:50:19;2,5;2,5;2,4;2,4;2,5;101864;60;23;14,8;20;25;0,5
2.10.2012 21:50:44;2,5;2,5;2,4;2,4;2,4;101849;60;24;15,7;21;25;1,1
2.10.2012 21:51:09;2,5;2,5;2,4;2,4;2,4;101856;60;23;14,8;19;25;0,2
2.10.2012 21:51:34;2,5;2,5;2,4;2,4;2,4;101848;60;23;14,8;21;25;1,1
2.10.2012 21:51:59;2,5;2,5;2,4;2,4;2,4;101860;60;23;14,8;20;25;0,5
2.10.2012 21:52:24;2,5;2,5;2,4;2,4;2,4;101848;60;23;14,8;20;24;0,3
2.10.2012 21:52:49;2,4;2,5;2,4;2,4;2,4;101852;60;23;14,8;20;25;0,5
2.10.2012 21:53:14;2,4;2,5;2,4;2,4;2,4;101854;60;23;14,8;20;25;0,5
2.10.2012 21:53:39;2,4;2,5;2,4;2,4;2,4;101846;60;23;14,8;20;24;0,3
2.10.2012 21:54:04;2,4;2,5;2,4;2,4;2,4;101854;60;23;14,8;20;24;0,3
2.10.2012 21:54:29;2,4;2,5;2,4;2,4;2,4;101865;61;23;15,0;21;25;1,1
2.10.2012 21:54:54;2,4;2,5;2,4;2,4;2,4;101857;60;23;14,8;20;25;0,5
2.10.2012 21:55:19;2,4;2,5;2,4;2,4;2,4;101845;60;23;14,8;20;25;0,5
2.10.2012 21:55:44;2,4;2,5;2,4;2,4;2,4;101853;60;23;14,8;21;24;0,3
2.10.2012 21:56:09;2,4;2,4;2,4;2,4;2,4;101853;61;23;15,0;20;25;0,5
2.10.2012 21:56:34;2,4;2,4;2,4;2,4;2,4;101861;61;23;15,0;20;25;0,5
2.10.2012 21:56:59;2,4;2,4;2,4;2,4;2,4;101854;60;23;14,8;19;24;-1,0
2.10.2012 21:57:24;2,4;2,4;2,4;2,4;2,4;101849;61;23;15,0;20;25;0,5
2.10.2012 21:57:49;2,4;2,4;2,4;2,4;2,4;101848;61;23;15,0;20;25;0,5
2.10.2012 21:58:14;2,4;2,4;2,4;2,4;2,4;101856;60;23;14,8;19;24;-1,0
2.10.2012 21:58:39;2,4;2,4;2,4;2,4;2,4;101865;60;23;14,8;20;24;0,3
2.10.2012 21:59:04;2,4;2,4;2,4;2,4;2,4;101853;60;23;14,8;20;24;0,3
2.10.2012 21:59:29;2,4;2,4;2,4;2,4;2,4;101856;60;23;14,8;20;24;0,3
2.10.2012 21:59:54;2,4;2,4;2,4;2,4;2,4;101857;61;23;15,0;21;24;0,3
2.10.2012 22:00:19;2,4;2,4;2,4;2,4;2,4;101860;60;23;14,8;19;24;-1,0
2.10.2012 22:00:44;2,4;2,4;2,4;2,4;2,4;101856;61;23;15,0;20;25;0,5
2.10.2012 22:01:09;2,4;2,4;2,4;2,4;2,4;101855;61;23;15,0;21;24;0,3
2.10.2012 22:01:34;2,4;2,4;2,4;2,4;2,4;101852;60;23;14,8;21;25;1,1
2.10.2012 22:01:59;2,4;2,4;2,4;2,4;2,4;101869;60;23;14,8;20;24;0,3
2.10.2012 22:02:24;2,4;2,4;2,4;2,4;2,4;101865;61;23;15,0;21;24;0,3
2.10.2012 22:02:49;2,4;2,4;2,4;2,4;2,4;101861;61;23;15,0;21;24;0,3
2.10.2012 22:03:14;2,4;2,4;2,4;2,4;2,4;101859;61;23;15,0;21;25;1,1
2.10.2012 22:03:39;2,4;2,4;2,4;2,4;2,4;101861;61;23;15,0;21;24;0,3
2.10.2012 22:04:04;2,4;2,4;2,4;2,4;2,4;101860;60;23;14,8;21;25;1,1
2.10.2012 22:04:29;2,4;2,4;2,4;2,4;2,4;101860;61;23;15,0;21;25;1,1
2.10.2012 22:04:54;2,4;2,4;2,4;2,4;2,4;101859;61;23;15,0;20;24;0,3
2.10.2012 22:05:19;2,4;2,4;2,4;2,4;2,4;101859;60;23;14,8;20;24;0,3
2.10.2012 22:05:44;2,4;2,4;2,4;2,4;2,4;101861;61;23;15,0;20;25;0,5
2.10.2012 22:06:09;2,4;2,4;2,4;2,4;2,4;101869;60;23;14,8;19;24;-1,0
2.10.2012 22:06:34;2,4;2,4;2,4;2,4;2,4;101863;61;23;15,0;21;25;1,1
2.10.2012 22:06:59;2,4;2,4;2,4;2,4;2,4;101855;61;23;15,0;21;24;0,3
2.10.2012 22:07:24;2,4;2,4;2,4;2,4;2,4;101857;60;23;14,8;20;24;0,3
2.10.2012 22:07:49;2,4;2,4;2,4;2,4;2,4;101869;61;23;15,0;20;24;0,3
2.10.2012 22:08:14;2,4;2,4;2,3;2,4;2,4;101861;60;23;14,8;19;24;-1,0
2.10.2012 22:08:39;2,4;2,4;2,3;2,4;2,4;101864;61;23;15,0;20;24;0,3
2.10.2012 22:09:04;2,4;2,4;2,3;2,4;2,4;101859;61;23;15,0;20;24;0,3
2.10.2012 22:09:29;2,4;2,4;2,3;2,4;2,4;101854;61;23;15,0;19;24;-1,0
2.10.2012 22:09:54;2,4;2,4;2,3;2,4;2,4;101857;61;23;15,0;20;24;0,3
2.10.2012 22:10:19;2,4;2,4;2,3;2,4;2,4;101857;61;23;15,0;18;25;0,9
2.10.2012 22:10:44;2,4;2,4;2,3;2,4;2,4;101859;60;23;14,8;19;24;-1,0
2.10.2012 22:11:10;2,4;2,4;2,3;2,4;2,4;101871;61;23;15,0;21;24;0,3
2.10.2012 22:11:35;2,4;2,4;2,3;2,4;2,4;101861;61;23;15,0;21;24;0,3
2.10.2012 22:12:00;2,4;2,4;2,3;2,4;2,4;101863;61;23;15,0;21;24;0,3
2.10.2012 22:12:25;2,4;2,4;2,3;2,4;2,4;101865;61;23;15,0;21;24;0,3
2.10.2012 22:12:50;2,4;2,4;2,3;2,4;2,4;101852;60;23;14,8;20;24;0,3
2.10.2012 22:13:15;2,4;2,4;2,3;2,4;2,4;101860;61;23;15,0;20;24;0,3
2.10.2012 22:13:40;2,4;2,4;2,3;2,4;2,4;101852;61;23;15,0;21;24;0,3
2.10.2012 22:14:05;2,4;2,4;2,3;2,4;2,4;101857;60;23;14,8;19;24;-1,0
2.10.2012 22:14:30;2,4;2,4;2,3;2,3;2,4;101861;61;23;15,0;22;24;0,9
2.10.2012 22:14:55;2,4;2,4;2,3;2,4;2,4;101857;61;23;15,0;22;24;0,9
2.10.2012 22:15:20;2,4;2,4;2,3;2,4;2,4;101856;60;23;14,8;20;24;0,3
2.10.2012 22:15:45;2,4;2,4;2,3;2,4;2,4;101858;61;23;15,0;20;24;0,3
2.10.2012 22:16:10;2,4;2,4;2,3;2,4;2,4;101858;60;23;14,8;19;24;-1,0
2.10.2012 22:16:35;2,4;2,4;2,3;2,4;2,4;101847;61;23;15,0;20;24;0,3
2.10.2012 22:17:00;2,4;2,4;2,3;2,4;2,4;101853;61;23;15,0;21;24;0,3
2.10.2012 22:17:25;2,4;2,4;2,3;2,3;2,4;101858;61;23;15,0;22;24;0,9
2.10.2012 22:17:50;2,4;2,4;2,3;2,3;2,4;101857;61;23;15,0;21;24;0,3
2.10.2012 22:18:15;2,4;2,4;2,3;2,4;2,4;101851;61;23;15,0;20;24;0,3
2.10.2012 22:18:40;2,4;2,4;2,3;2,4;2,4;101853;61;23;15,0;21;24;0,3
2.10.2012 22:19:05;2,4;2,4;2,3;2,4;2,4;101861;61;23;15,0;21;24;0,3
2.10.2012 22:19:30;2,4;2,4;2,3;2,3;2,4;101855;61;23;15,0;20;24;0,3
2.10.2012 22:19:55;2,4;2,4;2,3;2,3;2,4;101858;62;22;14,3;20;24;0,3
2.10.2012 22:20:20;2,4;2,4;2,3;2,3;2,4;101851;62;22;14,3;20;24;0,3
2.10.2012 22:20:45;2,4;2,4;2,3;2,3;2,4;101854;61;23;15,0;21;24;0,3
2.10.2012 22:21:10;2,4;2,4;2,3;2,3;2,4;101853;62;23;15,3;19;24;-1,0
2.10.2012 22:21:35;2,4;2,4;2,3;2,3;2,4;101848;61;23;15,0;20;24;0,3
2.10.2012 22:22:00;2,4;2,4;2,3;2,3;2,4;101846;62;23;15,3;21;24;0,3
2.10.2012 22:22:25;2,4;2,4;2,3;2,3;2,4;101857;62;22;14,3;20;24;0,3
2.10.2012 22:22:50;2,4;2,4;2,3;2,3;2,4;101854;62;23;15,3;21;24;0,3
2.10.2012 22:23:15;2,4;2,4;2,3;2,3;2,4;101855;62;22;14,3;20;24;0,3
2.10.2012 22:23:40;2,4;2,4;2,3;2,3;2,4;101858;62;23;15,3;22;24;0,9
2.10.2012 22:24:05;2,4;2,4;2,3;2,3;2,4;101851;61;23;15,0;21;24;0,3
2.10.2012 22:24:30;2,4;2,4;2,3;2,3;2,4;101839;62;23;15,3;19;24;-1,0
2.10.2012 22:24:55;2,4;2,4;2,3;2,3;2,4;101846;62;23;15,3;22;24;0,9
2.10.2012 22:25:20;2,4;2,4;2,3;2,3;2,4;101852;62;23;15,3;21;24;0,3
2.10.2012 22:25:45;2,4;2,4;2,3;2,3;2,4;101849;62;23;15,3;22;24;0,9
2.10.2012 22:26:10;2,4;2,4;2,3;2,3;2,4;101851;61;23;15,0;20;24;0,3
2.10.2012 22:26:35;2,4;2,4;2,3;2,3;2,4;101850;62;23;15,3;22;24;0,9
2.10.2012 22:27:00;2,4;2,4;2,3;2,3;2,4;101847;62;23;15,3;21;24;0,3
2.10.2012 22:27:25;2,4;2,4;2,3;2,3;2,4;101844;62;23;15,3;21;24;0,3
2.10.2012 22:27:50;2,4;2,4;2,3;2,3;2,4;101849;62;23;15,3;22;24;0,9
2.10.2012 22:28:15;2,4;2,4;2,3;2,3;2,4;101850;62;23;15,3;22;24;0,9
2.10.2012 22:28:40;2,4;2,4;2,3;2,3;2,4;101846;62;23;15,3;21;24;0,3
2.10.2012 22:29:05;2,4;2,4;2,3;2,3;2,4;101839;61;23;15,0;20;23;-1,1
2.10.2012 22:29:30;2,4;2,4;2,3;2,3;2,4;101843;61;23;15,0;20;23;-1,1
2.10.2012 22:29:55;2,4;2,4;2,3;2,3;2,4;101845;62;23;15,3;20;24;0,3
2.10.2012 22:30:20;2,4;2,4;2,3;2,3;2,4;101849;62;23;15,3;22;24;0,9
2.10.2012 22:30:45;2,4;2,4;2,3;2,3;2,4;101847;62;23;15,3;21;24;0,3
2.10.2012 22:31:10;2,4;2,4;2,3;2,3;2,4;101846;62;23;15,3;21;24;0,3
2.10.2012 22:31:35;2,4;2,4;2,3;2,3;2,4;101851;61;23;15,0;20;23;-1,1
2.10.2012 22:32:00;2,4;2,4;2,3;2,3;2,4;101855;62;23;15,3;21;24;0,3
2.10.2012 22:32:25;2,4;2,4;2,3;2,3;2,4;101854;61;23;15,0;20;23;-1,1
2.10.2012 22:32:50;2,4;2,4;2,3;2,3;2,4;101851;62;23;15,3;22;24;0,9
2.10.2012 22:33:15;2,4;2,4;2,3;2,3;2,4;101836;62;22;14,3;20;23;-1,1
2.10.2012 22:33:40;2,4;2,4;2,3;2,3;2,4;101850;62;23;15,3;21;24;0,3
2.10.2012 22:34:05;2,4;2,4;2,3;2,3;2,4;101842;62;23;15,3;20;24;0,3
2.10.2012 22:34:30;2,4;2,4;2,3;2,3;2,4;101846;62;23;15,3;22;24;0,9
2.10.2012 22:34:55;2,4;2,4;2,3;2,3;2,4;101846;62;23;15,3;20;23;-1,1
2.10.2012 22:35:20;2,4;2,4;2,3;2,3;2,4;101845;62;23;15,3;21;24;0,3
2.10.2012 22:35:45;2,4;2,4;2,3;2,3;2,4;101848;62;23;15,3;20;23;-1,1
2.10.2012 22:36:10;2,4;2,4;2,3;2,3;2,4;101848;63;22;14,6;20;23;-1,1
2.10.2012 22:36:35;2,4;2,4;2,3;2,3;2,4;101843;62;23;15,3;21;24;0,3
2.10.2012 22:37:00;2,4;2,4;2,3;2,3;2,4;101840;63;22;14,6;21;24;0,3
2.10.2012 22:37:25;2,4;2,4;2,3;2,3;2,4;101844;63;22;14,6;20;23;-1,1
2.10.2012 22:37:50;2,4;2,4;2,3;2,3;2,4;101842;62;23;15,3;20;23;-1,1
2.10.2012 22:38:15;2,4;2,4;2,3;2,3;2,3;101847;61;23;15,0;20;23;-1,1
2.10.2012 22:38:40;2,4;2,4;2,3;2,3;2,4;101846;63;22;14,6;20;23;-1,1
2.10.2012 22:39:05;2,4;2,4;2,3;2,3;2,4;101843;63;22;14,6;20;23;-1,1
2.10.2012 22:39:30;2,4;2,4;2,3;2,3;2,3;101848;62;23;15,3;22;24;0,9
2.10.2012 22:39:55;2,4;2,4;2,3;2,3;2,3;101837;62;23;15,3;22;24;0,9
2.10.2012 22:40:20;2,4;2,4;2,3;2,3;2,4;101842;63;22;14,6;21;23;0,4
2.10.2012 22:40:45;2,4;2,4;2,3;2,3;2,3;101842;62;23;15,3;22;24;0,9
2.10.2012 22:41:10;2,4;2,4;2,3;2,3;2,3;101847;63;22;14,6;21;23;0,4
2.10.2012 22:41:35;2,4;2,4;2,3;2,3;2,3;101849;62;23;15,3;21;24;0,3
2.10.2012 22:42:00;2,4;2,4;2,3;2,3;2,3;101847;62;23;15,3;20;23;-1,1
2.10.2012 22:42:25;2,4;2,4;2,3;2,3;2,3;101846;63;22;14,6;20;23;-1,1
2.10.2012 22:42:50;2,4;2,4;2,3;2,3;2,3;101849;62;23;15,3;22;24;0,9
2.10.2012 22:43:15;2,4;2,4;2,3;2,3;2,3;101844;63;22;14,6;21;24;0,3
2.10.2012 22:43:40;2,4;2,4;2,3;2,3;2,3;101842;62;23;15,3;20;23;-1,1
2.10.2012 22:44:05;2,4;2,4;2,3;2,3;2,3;101848;62;23;15,3;22;24;0,9
2.10.2012 22:44:41;2,3;2,4;2,3;2,3;2,3;101839;63;22;14,6;21;23;0,4
2.10.2012 22:45:06;2,3;2,4;2,3;2,3;2,3;101845;62;23;15,3;20;23;-1,1
2.10.2012 22:45:31;2,3;2,4;2,3;2,3;2,3;101846;63;23;15,5;20;23;-1,1
2.10.2012 22:45:56;2,3;2,4;2,3;2,3;2,3;101849;62;23;15,3;22;24;0,9
2.10.2012 22:46:22;2,3;2,4;2,3;2,3;2,3;101850;63;22;14,6;21;24;0,3
2.10.2012 22:46:47;2,3;2,4;2,3;2,3;2,3;101847;63;22;14,6;20;23;-1,1
2.10.2012 22:47:12;2,3;2,4;2,3;2,3;2,3;101854;62;23;15,3;20;23;-1,1
2.10.2012 22:47:37;2,3;2,4;2,3;2,3;2,3;101860;62;23;15,3;22;24;0,9
2.10.2012 22:48:02;2,3;2,4;2,3;2,3;2,3;101850;62;23;15,3;20;23;-1,1
2.10.2012 22:48:27;2,3;2,4;2,3;2,3;2,3;101855;62;23;15,3;22;24;0,9
2.10.2012 22:48:52;2,3;2,4;2,3;2,3;2,3;101842;62;23;15,3;22;24;0,9
2.10.2012 22:49:17;2,3;2,4;2,3;2,3;2,3;101846;63;22;14,6;21;23;0,4
2.10.2012 22:49:42;2,3;2,3;2,3;2,3;2,3;101852;63;22;14,6;20;23;-1,1
2.10.2012 22:50:07;2,3;2,4;2,3;2,3;2,3;101851;63;22;14,6;21;23;0,4
2.10.2012 22:50:32;2,3;2,3;2,3;2,3;2,3;101844;63;22;14,6;21;23;0,4
2.10.2012 22:50:57;2,3;2,3;2,3;2,3;2,3;101850;63;23;15,5;20;23;-1,1
2.10.2012 22:51:22;2,3;2,4;2,3;2,3;2,3;101843;63;22;14,6;21;23;0,4
2.10.2012 22:51:47;2,3;2,3;2,3;2,3;2,3;101845;63;22;14,6;21;24;0,3
2.10.2012 22:52:12;2,3;2,3;2,3;2,3;2,3;101850;63;22;14,6;21;23;0,4
2.10.2012 22:52:37;2,3;2,3;2,3;2,3;2,3;101846;63;22;14,6;21;23;0,4
2.10.2012 22:53:02;2,3;2,3;2,3;2,3;2,3;101848;63;23;15,5;20;23;-1,1
2.10.2012 22:53:27;2,3;2,3;2,3;2,3;2,3;101848;63;23;15,5;22;24;0,9
2.10.2012 22:53:52;2,3;2,3;2,3;2,3;2,3;101849;63;22;14,6;21;23;0,4
2.10.2012 22:54:17;2,3;2,3;2,3;2,3;2,3;101852;63;22;14,6;21;24;0,3
2.10.2012 22:54:42;2,3;2,3;2,3;2,3;2,3;101849;63;23;15,5;22;24;0,9
2.10.2012 22:55:07;2,3;2,3;2,3;2,3;2,3;101849;63;22;14,6;20;23;-1,1
2.10.2012 22:55:32;2,3;2,3;2,3;2,3;2,3;101854;64;22;14,8;22;24;0,9
2.10.2012 22:55:57;2,3;2,3;2,3;2,3;2,3;101843;63;23;15,5;22;24;0,9
2.10.2012 22:56:22;2,3;2,3;2,3;2,3;2,3;101845;63;23;15,5;22;24;0,9
2.10.2012 22:56:47;2,3;2,3;2,3;2,3;2,3;101845;63;22;14,6;21;24;0,3
2.10.2012 22:57:12;2,3;2,3;2,3;2,3;2,3;101847;63;22;14,6;21;23;0,4
2.10.2012 22:57:37;2,3;2,3;2,3;2,3;2,3;101846;63;22;14,6;21;23;0,4
2.10.2012 22:58:02;2,3;2,3;2,3;2,3;2,3;101846;62;23;15,3;20;23;-1,1
2.10.2012 22:58:27;2,3;2,3;2,3;2,3;2,3;101849;64;22;14,8;21;24;0,3
2.10.2012 22:58:52;2,3;2,3;2,3;2,3;2,3;101849;63;22;14,6;20;23;-1,1
2.10.2012 22:59:17;2,3;2,3;2,3;2,3;2,3;101849;63;23;15,5;20;23;-1,1
2.10.2012 22:59:42;2,3;2,3;2,3;2,3;2,3;101849;63;22;14,6;20;23;-1,1
2.10.2012 23:00:07;2,3;2,3;2,3;2,3;2,3;101853;63;22;14,6;21;23;0,4
2.10.2012 23:00:32;2,3;2,3;2,3;2,3;2,3;101846;63;22;14,6;20;23;-1,1
2.10.2012 23:00:57;2,3;2,3;2,3;2,3;2,3;101852;64;22;14,8;21;24;0,3
2.10.2012 23:01:22;2,3;2,3;2,3;2,3;2,3;101847;63;22;14,6;21;23;0,4
2.10.2012 23:01:47;2,3;2,3;2,3;2,3;2,3;101850;64;22;14,8;21;23;0,4
2.10.2012 23:02:12;2,3;2,3;2,3;2,3;2,3;101857;63;23;15,5;20;23;-1,1
2.10.2012 23:02:37;2,3;2,3;2,3;2,3;2,3;101849;63;22;14,6;21;23;0,4
2.10.2012 23:03:02;2,3;2,3;2,3;2,3;2,3;101854;64;22;14,8;22;24;0,9
2.10.2012 23:03:27;2,3;2,3;2,3;2,3;2,3;101850;63;22;14,6;21;23;0,4
2.10.2012 23:03:52;2,3;2,3;2,3;2,3;2,3;101849;63;23;15,5;22;24;0,9
2.10.2012 23:04:17;2,3;2,3;2,3;2,3;2,3;101852;64;22;14,8;21;23;0,4
2.10.2012 23:04:42;2,3;2,3;2,3;2,3;2,3;101859;63;23;15,5;20;23;-1,1
2.10.2012 23:05:07;2,3;2,3;2,3;2,3;2,3;101859;63;22;14,6;21;23;0,4
2.10.2012 23:05:32;2,3;2,3;2,3;2,3;2,3;101849;63;22;14,6;21;23;0,4
2.10.2012 23:05:57;2,3;2,3;2,3;2,3;2,3;101852;63;22;14,6;21;23;0,4
2.10.2012 23:06:22;2,3;2,3;2,3;2,3;2,3;101853;64;22;14,8;21;23;0,4
2.10.2012 23:06:47;2,3;2,3;2,3;2,3;2,3;101856;63;22;14,6;21;23;0,4
2.10.2012 23:07:12;2,3;2,3;2,3;2,3;2,3;101850;64;22;14,8;22;24;0,9
2.10.2012 23:07:37;2,3;2,3;2,3;2,3;2,3;101851;63;23;15,5;22;24;0,9
2.10.2012 23:08:02;2,3;2,3;2,3;2,3;2,3;101847;63;22;14,6;21;23;0,4
2.10.2012 23:08:27;2,3;2,3;2,3;2,3;2,3;101852;63;22;14,6;20;23;-1,1
2.10.2012 23:08:52;2,3;2,3;2,3;2,3;2,3;101853;63;23;15,5;20;23;-1,1
2.10.2012 23:09:17;2,3;2,3;2,3;2,3;2,3;101854;64;22;14,8;21;23;0,4
2.10.2012 23:09:42;2,3;2,3;2,3;2,3;2,3;101856;63;23;15,5;20;23;-1,1
2.10.2012 23:10:07;2,3;2,3;2,3;2,3;2,3;101855;63;23;15,5;22;24;0,9
2.10.2012 23:10:32;2,3;2,3;2,3;2,3;2,3;101853;63;23;15,5;22;24;0,9
2.10.2012 23:10:57;2,3;2,3;2,3;2,3;2,3;101849;64;22;14,8;22;24;0,9
2.10.2012 23:11:22;2,3;2,3;2,3;2,3;2,3;101859;64;22;14,8;22;24;0,9
2.10.2012 23:11:47;2,3;2,3;2,3;2,3;2,3;101851;63;23;15,5;22;24;0,9
2.10.2012 23:12:12;2,3;2,3;2,3;2,3;2,3;101856;63;23;15,5;22;24;0,9
2.10.2012 23:12:37;2,3;2,3;2,3;2,3;2,3;101854;64;22;14,8;22;24;0,9
2.10.2012 23:13:02;2,3;2,3;2,3;2,3;2,3;101848;63;23;15,5;22;24;0,9
2.10.2012 23:13:27;2,3;2,3;2,3;2,3;2,3;101854;63;22;14,6;21;23;0,4
2.10.2012 23:13:52;2,3;2,3;2,3;2,3;2,3;101861;64;22;14,8;21;23;0,4
2.10.2012 23:14:17;2,3;2,3;2,3;2,3;2,3;101867;63;23;15,5;22;24;0,9
2.10.2012 23:14:42;2,3;2,3;2,3;2,3;2,3;101859;64;22;14,8;22;24;0,9
2.10.2012 23:15:07;2,3;2,3;2,3;2,3;2,3;101860;63;23;15,5;21;23;0,4
2.10.2012 23:15:32;2,3;2,3;2,3;2,3;2,3;101857;64;22;14,8;22;24;0,9
2.10.2012 23:15:57;2,3;2,3;2,3;2,3;2,3;101854;62;23;15,3;20;23;-1,1
2.10.2012 23:16:22;2,3;2,3;2,3;2,3;2,3;101857;62;23;15,3;20;23;-1,1
2.10.2012 23:16:47;2,3;2,3;2,3;2,3;2,3;101853;64;22;14,8;22;24;0,9
2.10.2012 23:17:12;2,3;2,3;2,3;2,3;2,3;101849;63;22;14,6;21;23;0,4
2.10.2012 23:17:37;2,3;2,3;2,3;2,3;2,3;101855;64;22;14,8;22;24;0,9
2.10.2012 23:18:02;2,3;2,3;2,3;2,3;2,3;101865;63;23;15,5;20;23;-1,1
2.10.2012 23:18:27;2,3;2,3;2,3;2,3;2,3;101853;63;22;14,6;21;23;0,4
2.10.2012 23:18:52;2,3;2,3;2,3;2,3;2,3;101858;64;22;14,8;22;23;0,1
2.10.2012 23:19:17;2,3;2,3;2,3;2,3;2,3;101856;63;23;15,5;20;23;-1,1
2.10.2012 23:19:42;2,3;2,3;2,3;2,3;2,3;101862;63;23;15,5;20;23;-1,1
2.10.2012 23:20:07;2,3;2,3;2,3;2,3;2,3;101858;64;22;14,8;21;23;0,4
2.10.2012 23:20:32;2,3;2,3;2,3;2,3;2,3;101861;64;22;14,8;21;23;0,4
2.10.2012 23:20:57;2,3;2,3;2,3;2,3;2,3;101869;64;22;14,8;22;24;0,9
2.10.2012 23:21:22;2,3;2,3;2,3;2,3;2,3;101858;64;22;14,8;22;23;0,1
2.10.2012 23:21:47;2,3;2,3;2,3;2,3;2,3;101862;64;22;14,8;22;23;0,1
2.10.2012 23:22:12;2,3;2,3;2,3;2,3;2,3;101851;64;22;14,8;22;24;0,9
2.10.2012 23:22:37;2,3;2,3;2,3;2,3;2,3;101862;63;22;14,6;21;23;0,4
2.10.2012 23:23:03;2,3;2,3;2,3;2,3;2,3;101858;63;22;14,6;21;23;0,4
2.10.2012 23:23:28;2,3;2,3;2,3;2,3;2,3;101856;63;22;14,6;21;23;0,4
2.10.2012 23:23:53;2,3;2,3;2,3;2,3;2,3;101854;64;22;14,8;22;23;0,1
2.10.2012 23:24:18;2,3;2,3;2,3;2,3;2,3;101856;64;22;14,8;22;24;0,9
2.10.2012 23:24:43;2,3;2,3;2,3;2,3;2,3;101859;62;23;15,3;20;23;-1,1
2.10.2012 23:25:08;2,3;2,3;2,3;2,3;2,3;101856;63;22;14,6;20;23;-1,1
2.10.2012 23:25:33;2,3;2,3;2,3;2,3;2,3;101850;63;22;14,6;20;23;-1,1
2.10.2012 23:25:58;2,3;2,3;2,3;2,3;2,3;101852;64;22;14,8;21;23;0,4
2.10.2012 23:26:23;2,3;2,3;2,3;2,3;2,3;101848;64;22;14,8;22;24;0,9
2.10.2012 23:26:48;2,3;2,3;2,3;2,3;2,3;101846;64;22;14,8;21;23;0,4
2.10.2012 23:27:13;2,3;2,3;2,3;2,3;2,3;101849;64;22;14,8;20;23;-1,1
2.10.2012 23:27:38;2,3;2,3;2,3;2,3;2,3;101858;64;22;14,8;21;23;0,4
2.10.2012 23:28:03;2,3;2,3;2,3;2,3;2,3;101858;63;22;14,6;21;23;0,4
2.10.2012 23:28:28;2,3;2,3;2,3;2,3;2,3;101853;64;22;14,8;22;23;0,1
2.10.2012 23:28:53;2,3;2,3;2,3;2,3;2,3;101842;63;22;14,6;21;23;0,4
2.10.2012 23:29:18;2,3;2,3;2,3;2,3;2,3;101859;64;22;14,8;22;23;0,1
2.10.2012 23:29:43;2,3;2,3;2,3;2,3;2,3;101849;63;23;15,5;20;23;-1,1
2.10.2012 23:30:08;2,3;2,3;2,3;2,3;2,3;101846;63;23;15,5;20;23;-1,1
2.10.2012 23:30:33;2,3;2,3;2,3;2,3;2,3;101852;64;22;14,8;21;23;0,4
2.10.2012 23:30:58;2,3;2,3;2,3;2,3;2,3;101844;64;22;14,8;21;23;0,4
2.10.2012 23:31:23;2,3;2,3;2,3;2,3;2,3;101853;63;23;15,5;20;23;-1,1
2.10.2012 23:31:48;2,3;2,3;2,3;2,3;2,3;101845;64;22;14,8;21;23;0,4
2.10.2012 23:32:13;2,3;2,3;2,3;2,3;2,3;101856;64;22;14,8;22;23;0,1
2.10.2012 23:32:38;2,3;2,3;2,3;2,3;2,3;101854;64;22;14,8;22;23;0,1
2.10.2012 23:33:03;2,3;2,3;2,3;2,3;2,3;101842;63;23;15,5;20;23;-1,1
2.10.2012 23:33:28;2,3;2,3;2,3;2,3;2,3;101853;64;22;14,8;22;23;0,1
2.10.2012 23:33:53;2,3;2,3;2,3;2,3;2,3;101852;63;23;15,5;20;23;-1,1
2.10.2012 23:34:18;2,3;2,3;2,3;2,3;2,3;101848;64;22;14,8;21;23;0,4
2.10.2012 23:34:43;2,3;2,3;2,3;2,3;2,3;101856;63;23;15,5;20;23;-1,1
2.10.2012 23:35:08;2,3;2,3;2,3;2,3;2,3;101857;63;23;15,5;20;23;-1,1
2.10.2012 23:35:33;2,3;2,3;2,3;2,3;2,3;101834;64;22;14,8;22;23;0,1
2.10.2012 23:35:58;2,3;2,3;2,3;2,3;2,3;101855;64;22;14,8;21;23;0,4
2.10.2012 23:36:23;2,3;2,3;2,3;2,3;2,3;101852;64;22;14,8;22;23;0,1
2.10.2012 23:36:48;2,3;2,3;2,3;2,3;2,3;101855;64;22;14,8;22;23;0,1
2.10.2012 23:37:13;2,3;2,3;2,3;2,3;2,3;101850;63;23;15,5;20;23;-1,1
2.10.2012 23:37:38;2,3;2,3;2,3;2,3;2,3;101849;64;22;14,8;22;23;0,1
2.10.2012 23:38:03;2,3;2,3;2,3;2,3;2,3;101848;63;23;15,5;20;23;-1,1
2.10.2012 23:38:28;2,3;2,3;2,3;2,3;2,3;101859;64;22;14,8;22;23;0,1
2.10.2012 23:38:53;2,3;2,3;2,3;2,3;2,3;101857;64;22;14,8;22;23;0,1
2.10.2012 23:39:18;2,3;2,3;2,3;2,3;2,3;101857;64;22;14,8;21;23;0,4
2.10.2012 23:39:43;2,3;2,3;2,3;2,3;2,3;101852;64;22;14,8;22;23;0,1
2.10.2012 23:40:08;2,3;2,3;2,3;2,3;2,3;101857;64;22;14,8;21;23;0,4
2.10.2012 23:40:33;2,3;2,3;2,3;2,3;2,3;101856;64;22;14,8;20;23;-1,1
2.10.2012 23:40:58;2,3;2,3;2,3;2,3;2,3;101853;64;22;14,8;22;23;0,1
2.10.2012 23:41:23;2,3;2,3;2,3;2,3;2,3;101848;63;23;15,5;20;23;-1,1
2.10.2012 23:41:48;2,3;2,3;2,3;2,3;2,3;101861;64;22;14,8;22;23;0,1
2.10.2012 23:42:13;2,3;2,3;2,3;2,3;2,3;101863;63;23;15,5;20;23;-1,1
2.10.2012 23:42:38;2,3;2,3;2,3;2,3;2,3;101852;64;22;14,8;20;23;-1,1
2.10.2012 23:43:03;2,3;2,3;2,3;2,3;2,3;101849;64;22;14,8;21;23;0,4
2.10.2012 23:43:28;2,3;2,3;2,3;2,3;2,3;101849;64;22;14,8;21;23;0,4
2.10.2012 23:43:53;2,3;2,3;2,3;2,3;2,3;101851;64;22;14,8;21;23;0,4
2.10.2012 23:44:18;2,3;2,3;2,3;2,3;2,3;101852;63;23;15,5;20;23;-1,1
2.10.2012 23:44:55;2,3;2,3;2,3;2,3;2,3;101857;64;22;14,8;21;23;0,4
2.10.2012 23:45:20;2,3;2,3;2,3;2,3;2,3;101848;63;23;15,5;20;23;-1,1
2.10.2012 23:45:45;2,3;2,3;2,3;2,3;2,3;101848;64;22;14,8;22;23;0,1
2.10.2012 23:46:10;2,3;2,3;2,3;2,3;2,3;101855;64;22;14,8;22;23;0,1
2.10.2012 23:46:35;2,3;2,3;2,3;2,3;2,3;101849;64;22;14,8;22;23;0,1
2.10.2012 23:47:00;2,3;2,3;2,3;2,3;2,3;101840;64;22;14,8;22;23;0,1
2.10.2012 23:47:25;2,3;2,3;2,3;2,3;2,3;101845;64;22;14,8;21;23;0,4
2.10.2012 23:47:50;2,3;2,3;2,3;2,3;2,3;101851;64;22;14,8;22;23;0,1
2.10.2012 23:48:15;2,3;2,3;2,3;2,3;2,3;101851;64;22;14,8;22;23;0,1
2.10.2012 23:48:40;2,3;2,3;2,3;2,3;2,3;101853;64;22;14,8;21;23;0,4
2.10.2012 23:49:05;2,3;2,3;2,3;2,3;2,3;101844;64;22;14,8;22;23;0,1
2.10.2012 23:49:30;2,3;2,3;2,3;2,3;2,3;101847;64;22;14,8;21;23;0,4
2.10.2012 23:49:55;2,3;2,3;2,3;2,3;2,3;101851;63;23;15,5;20;23;-1,1
2.10.2012 23:50:20;2,3;2,3;2,3;2,3;2,3;101847;64;22;14,8;20;23;-1,1
2.10.2012 23:50:45;2,3;2,3;2,3;2,3;2,3;101845;64;22;14,8;23;23;0,7
2.10.2012 23:51:10;2,3;2,3;2,3;2,3;2,3;101846;64;22;14,8;22;23;0,1
2.10.2012 23:51:35;2,3;2,3;2,3;2,3;2,3;101846;64;22;14,8;22;23;0,1
2.10.2012 23:52:00;2,3;2,3;2,3;2,3;2,3;101850;64;22;14,8;20;23;-1,1
2.10.2012 23:52:25;2,3;2,3;2,3;2,3;2,3;101850;64;22;14,8;22;23;0,1
2.10.2012 23:52:50;2,3;2,3;2,3;2,3;2,3;101848;64;22;14,8;21;23;0,4
2.10.2012 23:53:15;2,3;2,3;2,3;2,3;2,3;101861;64;22;14,8;21;23;0,4
2.10.2012 23:53:40;2,3;2,3;2,3;2,3;2,3;101850;63;23;15,5;20;23;-1,1
2.10.2012 23:54:05;2,3;2,3;2,3;2,3;2,3;101860;64;22;14,8;22;23;0,1
2.10.2012 23:54:30;2,3;2,3;2,3;2,3;2,3;101851;64;22;14,8;20;23;-1,1
2.10.2012 23:54:55;2,3;2,3;2,3;2,3;2,3;101848;64;22;14,8;21;23;0,4
2.10.2012 23:55:20;2,3;2,3;2,3;2,3;2,3;101855;64;22;14,8;20;23;-1,1
2.10.2012 23:55:45;2,3;2,3;2,3;2,3;2,3;101853;64;22;14,8;20;23;-1,1
2.10.2012 23:56:10;2,3;2,3;2,3;2,3;2,3;101843;64;22;14,8;22;23;0,1
2.10.2012 23:56:35;2,3;2,3;2,3;2,3;2,3;101846;64;22;14,8;22;23;0,1
2.10.2012 23:57:00;2,3;2,3;2,3;2,3;2,3;101849;64;22;14,8;21;23;0,4
2.10.2012 23:57:25;2,3;2,3;2,3;2,3;2,3;101851;63;23;15,5;20;23;-1,1
2.10.2012 23:57:50;2,3;2,3;2,3;2,3;2,3;101855;64;22;14,8;22;23;0,1
2.10.2012 23:58:15;2,3;2,3;2,3;2,3;2,3;101844;64;22;14,8;20;23;-1,1
2.10.2012 23:58:40;2,3;2,3;2,3;2,3;2,3;101851;64;22;14,8;20;23;-1,1
2.10.2012 23:59:05;2,3;2,3;2,3;2,3;2,3;101856;64;22;14,8;22;23;0,1
2.10.2012 23:59:30;2,3;2,3;2,3;2,3;2,3;101852;64;22;14,8;22;23;0,1
2.10.2012 23:59:56;2,3;2,3;2,3;2,3;2,3;101851;64;22;14,8;20;23;-1,1
