23.9.2012 16:40:48;2,0;2,0;1,9;1,9;2,0;101376;23;19;-2,5
23.9.2012 16:41:12;2,0;2,0;1,9;1,9;2,0;101369;22;19;-3,1
23.9.2012 16:41:37;2,0;2,0;1,9;1,9;2,0;101374;22;19;-3,1
23.9.2012 16:42:03;2,0;2,0;1,9;1,9;2,0;101365;22;19;-3,1
23.9.2012 16:42:28;2,0;2,0;1,9;1,9;2,0;101375;24;19;-2,0
23.9.2012 16:42:53;2,2;2,0;1,9;1,9;2,2;101363;24;19;-2,0
23.9.2012 16:44:39;2,1;2,1;2,0;2,0;3,2;101385;24;20;-1,1
23.9.2012 16:45:04;2,1;2,1;2,0;2,0;3,2;101391;24;20;-1,1
23.9.2012 16:45:29;2,0;2,1;2,0;2,0;3,3;101403;24;20;-1,1
23.9.2012 16:45:54;2,0;2,1;2,0;2,0;3,3;101391;24;20;-1,1
23.9.2012 16:46:19;2,0;2,1;2,0;2,0;3,3;101399;24;20;-1,1
23.9.2012 16:46:44;2,0;2,1;2,0;2,0;3,3;101385;23;21;0,8
23.9.2012 16:47:09;2,0;2,1;2,0;2,0;3,3;101393;23;21;0,8
23.9.2012 16:47:34;2,0;2,1;2,0;2,0;3,3;101390;23;21;0,8
23.9.2012 16:47:59;2,0;2,1;2,0;2,0;3,4;101385;23;21;0,8
23.9.2012 16:48:24;2,0;2,1;2,0;2,0;3,4;101388;23;21;0,8
23.9.2012 16:48:49;2,0;2,1;2,1;2,1;3,4;101383;23;21;0,8
23.9.2012 16:49:15;2,0;2,1;2,1;2,1;3,4;101375;23;21;0,8
23.9.2012 16:49:40;2,1;2,1;2,1;2,1;3,4;101399;23;21;0,8
23.9.2012 16:50:05;2,1;2,1;2,1;2,1;3,4;101387;23;21;0,8
23.9.2012 16:50:30;2,1;2,1;2,1;2,1;3,4;101386;23;21;0,8
23.9.2012 16:50:56;2,1;2,1;2,1;2,1;3,4;101385;23;21;0,8
23.9.2012 16:51:21;2,1;2,2;2,1;2,1;3,4;101401;23;21;0,8
23.9.2012 16:51:46;2,1;2,2;2,1;2,1;3,4;101387;23;21;0,8
23.9.2012 16:52:11;2,1;2,2;2,1;2,1;3,4;101392;23;21;0,8
23.9.2012 16:52:36;2,1;2,2;2,1;2,1;3,4;101382;23;21;0,8
23.9.2012 16:53:01;2,1;2,2;2,1;2,1;3,5;101387;23;21;0,8
23.9.2012 16:53:26;2,1;2,2;2,1;2,1;3,5;101395;23;21;0,8
23.9.2012 16:53:51;2,1;2,2;2,1;2,1;3,5;101383;23;21;0,8
23.9.2012 16:54:16;2,1;2,2;2,1;2,1;3,5;101382;23;21;0,8
23.9.2012 16:54:41;2,1;2,2;2,1;2,1;3,5;101379;23;21;0,8
23.9.2012 16:55:06;2,1;2,2;2,1;2,1;3,5;101375;23;21;0,8
23.9.2012 16:55:31;2,1;2,2;2,1;2,1;3,5;101382;23;21;0,8
23.9.2012 16:55:56;2,1;2,2;2,1;2,1;3,5;101384;23;21;0,8
23.9.2012 16:56:21;2,1;2,2;2,1;2,1;3,5;101370;23;21;0,8
23.9.2012 16:56:46;2,1;2,2;2,1;2,1;3,5;101368;23;21;0,8
23.9.2012 16:57:11;2,1;2,2;2,1;2,1;3,5;101358;23;21;0,8
23.9.2012 16:57:36;2,1;2,2;2,1;2,2;3,5;101363;23;22;0,0
23.9.2012 16:58:01;2,1;2,2;2,1;2,2;3,5;101362;23;22;0,0
23.9.2012 16:58:26;2,1;2,2;2,2;2,2;3,6;101361;23;22;0,0
23.9.2012 16:58:51;2,1;2,2;2,2;2,2;3,6;101367;23;22;0,0
23.9.2012 16:59:16;2,1;2,2;2,2;2,2;3,6;101348;23;22;0,0
23.9.2012 16:59:41;2,1;2,2;2,2;2,2;3,6;101357;23;22;0,0
23.9.2012 17:00:06;2,1;2,2;2,2;2,2;3,6;101347;23;22;0,0
23.9.2012 17:00:31;2,1;2,2;2,2;2,2;3,6;101361;23;22;0,0
23.9.2012 17:00:56;2,1;2,2;2,2;2,2;3,6;101359;23;22;0,0
23.9.2012 17:01:21;2,2;2,2;2,2;2,2;3,6;101354;23;22;0,0
23.9.2012 17:01:46;2,2;2,2;2,2;2,2;3,6;101356;23;22;0,0
23.9.2012 17:02:11;2,2;2,2;2,2;2,2;3,6;101352;23;22;0,0
23.9.2012 17:02:36;2,2;2,2;2,2;2,2;3,6;101353;23;22;0,0
23.9.2012 17:03:01;2,2;2,2;2,2;2,2;3,6;101354;23;22;0,0
23.9.2012 17:03:26;2,2;2,2;2,2;2,2;3,6;101345;23;22;0,0
23.9.2012 17:03:51;2,2;2,2;2,2;2,2;3,6;101355;23;22;0,0
23.9.2012 17:04:16;2,2;2,2;2,2;2,2;3,6;101342;23;22;0,0
23.9.2012 17:04:41;2,2;2,2;2,2;2,2;3,6;101348;23;22;0,0
23.9.2012 17:05:06;2,2;2,2;2,2;2,2;3,6;101349;23;22;0,0
23.9.2012 17:05:31;2,2;2,2;2,2;2,2;3,6;101347;23;22;0,0
23.9.2012 17:05:56;2,2;2,2;2,2;2,2;3,6;101355;23;22;0,0
23.9.2012 17:06:21;2,2;2,2;2,2;2,2;3,6;101341;23;22;0,0
23.9.2012 17:06:46;2,2;2,2;2,2;2,2;3,6;101347;23;22;0,0
23.9.2012 17:07:11;2,2;2,2;2,2;2,2;3,6;101343;23;22;0,0
23.9.2012 17:07:37;2,2;2,2;2,2;2,2;3,6;101343;23;22;0,0
23.9.2012 17:08:02;2,2;2,2;2,2;2,2;3,6;101353;23;22;0,0
23.9.2012 17:08:27;2,2;2,2;2,2;2,2;3,6;101348;23;22;0,0
23.9.2012 17:08:52;2,2;2,2;2,2;2,2;3,6;101342;23;22;0,0
23.9.2012 17:09:17;2,2;2,2;2,2;2,2;3,6;101341;23;22;0,0
23.9.2012 17:09:42;2,2;2,2;2,2;2,2;3,6;101339;23;22;0,0
23.9.2012 17:10:07;2,2;2,2;2,2;2,2;3,6;101343;23;22;0,0
23.9.2012 17:10:32;2,2;2,2;2,2;2,2;3,6;101345;23;22;0,0
23.9.2012 17:10:57;2,2;2,2;2,2;2,2;3,6;101342;23;22;0,0
23.9.2012 17:11:22;2,2;2,3;2,2;2,2;3,6;101339;23;22;0,0
23.9.2012 17:11:47;2,2;2,3;2,2;2,2;3,6;101342;23;22;0,0
23.9.2012 17:12:12;2,2;2,3;2,2;2,2;3,6;101352;23;22;0,0
23.9.2012 17:12:37;2,2;2,3;2,2;2,2;3,6;101339;23;22;0,0
23.9.2012 17:13:02;2,2;2,3;2,2;2,2;3,6;101339;23;22;0,0
23.9.2012 17:13:27;2,2;2,3;2,2;2,2;3,6;101344;23;22;0,0
23.9.2012 17:13:52;2,2;2,3;2,2;2,2;3,6;101338;23;22;0,0
23.9.2012 17:14:17;2,2;2,3;2,2;2,2;3,6;101333;23;22;0,0
23.9.2012 17:14:42;2,2;2,3;2,2;2,2;3,6;101349;23;22;0,0
23.9.2012 17:15:07;2,2;2,3;2,2;2,2;3,6;101330;23;22;0,0
23.9.2012 17:15:32;2,2;2,3;2,2;2,2;3,6;101327;23;22;0,0
23.9.2012 17:15:57;2,2;2,3;2,2;2,2;3,6;101325;23;22;0,0
23.9.2012 17:16:22;2,2;2,3;2,2;2,2;3,6;101333;23;22;0,0
23.9.2012 17:16:47;2,2;2,3;2,2;2,2;3,6;101330;23;22;0,0
23.9.2012 17:17:12;2,2;2,3;2,2;2,2;3,7;101326;23;22;0,0
23.9.2012 17:17:37;2,2;2,3;2,2;2,2;3,6;101318;23;22;0,0
23.9.2012 17:18:02;2,2;2,3;2,2;2,2;3,6;101325;23;22;0,0
23.9.2012 17:18:27;2,2;2,3;2,2;2,2;3,6;101332;23;22;0,0
23.9.2012 17:18:52;2,2;2,3;2,2;2,2;3,7;101338;23;22;0,0
23.9.2012 17:19:17;2,2;2,3;2,2;2,2;3,7;101329;23;22;0,0
23.9.2012 17:19:42;2,2;2,3;2,2;2,2;3,6;101335;22;23;0,1
23.9.2012 17:20:09;2,2;2,3;2,2;2,2;3,7;101339;22;23;0,1
23.9.2012 17:20:36;2,2;2,3;2,2;2,2;3,7;101348;22;23;0,1
23.9.2012 17:21:01;2,2;2,3;2,2;2,2;3,7;101336;22;23;0,1
23.9.2012 17:21:26;2,2;2,3;2,2;2,2;3,7;101330;22;23;0,1
23.9.2012 17:21:51;2,2;2,3;2,2;2,2;3,7;101345;22;23;0,1
23.9.2012 17:22:30;2,2;2,3;2,3;2,3;3,7;101333;22;23;0,1
23.9.2012 17:22:56;2,2;2,3;2,3;2,3;3,7;101338;22;23;0,1
23.9.2012 17:23:21;2,2;2,3;2,3;2,3;3,7;101341;22;23;0,1
23.9.2012 17:23:46;2,2;2,3;2,3;2,3;3,7;101331;22;23;0,1
23.9.2012 17:24:11;2,2;2,3;2,3;2,3;3,7;101348;22;23;0,1
23.9.2012 17:24:36;2,2;2,3;2,3;2,3;3,7;101339;22;23;0,1
23.9.2012 17:25:01;2,2;2,3;2,3;2,3;3,7;101332;22;23;0,1
23.9.2012 17:25:26;2,2;2,3;2,3;2,3;3,7;101341;22;23;0,1
23.9.2012 17:25:51;2,3;2,3;2,3;2,3;3,7;101333;22;23;0,1
23.9.2012 17:26:16;2,3;2,3;2,3;2,3;3,7;101336;22;23;0,1
23.9.2012 17:26:41;2,3;2,3;2,3;2,3;3,7;101338;23;23;0,7
23.9.2012 17:27:06;2,3;2,3;2,3;2,3;3,7;101336;23;23;0,7
23.9.2012 17:27:31;2,3;2,3;2,3;2,3;3,7;101331;23;23;0,7
23.9.2012 17:27:56;2,3;2,3;2,3;2,3;3,7;101334;23;23;0,7
23.9.2012 17:28:21;2,3;2,3;2,3;2,3;3,7;101321;23;23;0,7
23.9.2012 17:28:46;2,3;2,3;2,3;2,3;3,7;101329;23;23;0,7
23.9.2012 17:29:11;2,3;2,3;2,3;2,3;3,7;101334;22;23;0,1
23.9.2012 17:29:37;2,3;2,3;2,3;2,3;3,7;101328;23;23;0,7
23.9.2012 17:30:02;2,3;2,3;2,3;2,3;3,7;101332;22;23;0,1
23.9.2012 17:30:27;2,3;2,3;2,3;2,3;3,7;101328;22;23;0,1
23.9.2012 17:30:52;2,3;2,3;2,3;2,3;3,7;101327;22;23;0,1
23.9.2012 17:31:17;2,3;2,3;2,3;2,3;3,7;101330;22;23;0,1
23.9.2012 17:31:42;2,3;2,3;2,3;2,3;3,7;101329;22;23;0,1
23.9.2012 17:32:07;2,3;2,3;2,3;2,3;3,7;101328;22;23;0,1
23.9.2012 17:32:32;2,3;2,3;2,3;2,3;3,7;101329;22;23;0,1
23.9.2012 17:32:57;2,3;2,3;2,3;2,3;3,7;101338;22;23;0,1
23.9.2012 17:33:22;2,3;2,3;2,3;2,3;3,7;101328;22;23;0,1
23.9.2012 17:33:47;2,3;2,3;2,3;2,3;3,7;101324;22;23;0,1
23.9.2012 17:34:12;2,3;2,3;2,3;2,3;3,7;101329;22;23;0,1
23.9.2012 17:34:37;2,3;2,3;2,3;2,3;3,7;101321;22;23;0,1
23.9.2012 17:35:02;2,3;2,3;2,3;2,3;3,7;101330;22;23;0,1
23.9.2012 17:35:27;2,3;2,3;2,3;2,3;3,7;101325;22;23;0,1
23.9.2012 17:35:52;2,3;2,3;2,3;2,3;3,7;101333;22;23;0,1
23.9.2012 17:36:17;2,3;2,3;2,3;2,3;3,7;101334;22;23;0,1
23.9.2012 17:36:42;2,3;2,3;2,3;2,3;3,7;101320;22;23;0,1
23.9.2012 17:37:07;2,3;2,3;2,3;2,3;3,7;101334;22;23;0,1
23.9.2012 17:37:32;2,3;2,3;2,3;2,3;3,7;101324;22;23;0,1
23.9.2012 17:37:57;2,3;2,3;2,3;2,3;3,7;101329;22;23;0,1
23.9.2012 17:38:22;2,3;2,3;2,3;2,3;3,7;101327;22;23;0,1
23.9.2012 17:38:47;2,3;2,3;2,3;2,3;3,7;101333;22;23;0,1
23.9.2012 17:39:12;2,2;2,3;2,3;2,3;3,7;101335;22;23;0,1
23.9.2012 17:39:37;2,2;2,3;2,3;2,3;3,7;101337;22;23;0,1
23.9.2012 17:40:02;2,2;2,3;2,3;2,3;3,7;101338;22;23;0,1
23.9.2012 17:40:27;2,2;2,3;2,3;2,3;3,7;101334;22;23;0,1
23.9.2012 17:40:52;2,2;2,3;2,3;2,3;3,7;101331;22;23;0,1
23.9.2012 17:41:17;2,2;2,3;2,3;2,3;3,7;101326;22;23;0,1
23.9.2012 17:41:42;2,2;2,3;2,3;2,3;3,7;101328;22;23;0,1
23.9.2012 17:42:07;2,2;2,3;2,3;2,3;3,7;101329;22;23;0,1
23.9.2012 17:42:32;2,2;2,3;2,3;2,3;3,7;101323;22;23;0,1
23.9.2012 17:42:57;2,2;2,3;2,3;2,3;3,7;101329;22;23;0,1
23.9.2012 17:43:22;2,2;2,3;2,3;2,3;3,7;101321;22;23;0,1
23.9.2012 17:43:47;2,2;2,3;2,3;2,3;3,7;101327;22;23;0,1
23.9.2012 17:44:12;2,2;2,3;2,3;2,3;3,7;101321;22;23;0,1
23.9.2012 17:44:37;2,2;2,3;2,3;2,3;3,7;101333;22;23;0,1
23.9.2012 17:45:02;2,2;2,3;2,3;2,3;3,7;101316;22;23;0,1
23.9.2012 17:45:27;2,2;2,3;2,3;2,3;3,7;101330;22;23;0,1
23.9.2012 17:45:52;2,2;2,3;2,3;2,3;3,7;101325;22;23;0,1
23.9.2012 17:46:17;2,2;2,3;2,3;2,3;3,7;101324;22;23;0,1
23.9.2012 17:46:42;2,2;2,3;2,3;2,3;3,7;101329;22;23;0,1
23.9.2012 17:47:07;2,2;2,3;2,3;2,3;3,7;101328;22;23;0,1
23.9.2012 17:47:32;2,2;2,3;2,3;2,3;3,7;101326;22;23;0,1
23.9.2012 17:47:57;2,2;2,3;2,3;2,3;3,7;101328;22;23;0,1
23.9.2012 17:48:22;2,2;2,3;2,3;2,3;3,7;101331;22;23;0,1
23.9.2012 17:48:47;2,2;2,3;2,3;2,3;3,7;101327;22;23;0,1
23.9.2012 17:49:20;2,2;2,3;2,3;2,3;3,7;101324;22;23;0,1
23.9.2012 17:49:45;2,2;2,3;2,3;2,3;3,7;101328;22;23;0,1
23.9.2012 17:50:10;2,2;2,3;2,3;2,3;3,7;101336;22;23;0,1
23.9.2012 17:50:35;2,2;2,3;2,3;2,3;3,7;101330;22;23;0,1
23.9.2012 17:51:00;2,2;2,3;2,3;2,3;3,7;101332;22;23;0,1
23.9.2012 17:51:25;2,2;2,3;2,3;2,3;3,7;101337;23;23;0,7
23.9.2012 17:51:50;2,2;2,3;2,3;2,3;3,7;101329;22;23;0,1
23.9.2012 17:52:15;2,2;2,3;2,3;2,3;3,7;101335;23;23;0,7
23.9.2012 17:52:40;2,2;2,3;2,3;2,3;3,7;101329;22;23;0,1
23.9.2012 17:53:05;2,2;2,3;2,3;2,3;3,7;101336;22;23;0,1
23.9.2012 17:53:30;2,2;2,3;2,3;2,3;3,7;101330;22;23;0,1
23.9.2012 17:53:55;2,2;2,3;2,3;2,3;3,7;101336;22;23;0,1
23.9.2012 17:54:20;2,2;2,3;2,3;2,3;3,7;101334;22;23;0,1
23.9.2012 17:54:45;2,2;2,3;2,3;2,3;3,7;101337;22;23;0,1
23.9.2012 17:55:10;2,2;2,3;2,3;2,3;3,7;101334;22;23;0,1
23.9.2012 17:55:35;2,2;2,3;2,3;2,3;3,7;101336;22;23;0,1
23.9.2012 17:56:00;2,2;2,3;2,3;2,3;3,7;101335;22;23;0,1
23.9.2012 17:56:25;2,2;2,3;2,3;2,3;3,7;101338;22;23;0,1
23.9.2012 17:56:50;2,2;2,3;2,3;2,3;3,7;101343;22;23;0,1
23.9.2012 17:57:15;2,2;2,3;2,3;2,3;3,7;101336;22;23;0,1
23.9.2012 17:57:40;2,2;2,3;2,3;2,3;3,7;101336;22;23;0,1
23.9.2012 17:58:05;2,2;2,3;2,3;2,3;3,7;101338;22;23;0,1
23.9.2012 17:58:30;2,2;2,3;2,3;2,3;3,7;101334;22;23;0,1
23.9.2012 17:58:55;2,2;2,3;2,3;2,3;3,7;101337;22;23;0,1
23.9.2012 17:59:20;2,2;2,3;2,3;2,3;3,7;101340;23;23;0,7
23.9.2012 17:59:45;2,2;2,3;2,3;2,3;3,7;101344;23;23;0,7
23.9.2012 18:00:10;2,2;2,3;2,3;2,3;3,7;101335;23;23;0,7
23.9.2012 18:00:35;2,2;2,3;2,3;2,3;3,7;101340;23;23;0,7
23.9.2012 18:01:00;2,2;2,3;2,3;2,3;3,7;101338;23;23;0,7
23.9.2012 18:01:25;2,3;2,3;2,3;2,3;3,7;101337;23;23;0,7
23.9.2012 18:01:50;2,3;2,3;2,3;2,3;3,7;101335;23;23;0,7
23.9.2012 18:02:15;2,3;2,3;2,3;2,3;3,7;101341;23;23;0,7
23.9.2012 18:02:40;2,3;2,3;2,3;2,3;3,7;101338;23;23;0,7
23.9.2012 18:03:05;2,3;2,3;2,3;2,3;3,7;101332;23;23;0,7
23.9.2012 18:03:30;2,3;2,3;2,3;2,3;3,7;101337;23;23;0,7
23.9.2012 18:03:55;2,3;2,3;2,3;2,3;3,7;101343;23;23;0,7
23.9.2012 18:04:20;2,3;2,3;2,3;2,3;3,7;101338;24;23;1,3
23.9.2012 18:04:45;2,3;2,3;2,3;2,3;3,7;101337;23;23;0,7
23.9.2012 18:05:10;2,3;2,3;2,3;2,3;3,7;101341;23;23;0,7
23.9.2012 18:05:35;2,3;2,3;2,3;2,3;3,7;101345;24;23;1,3
23.9.2012 18:06:00;2,3;2,3;2,3;2,3;3,7;101353;23;23;0,7
23.9.2012 18:06:25;2,3;2,3;2,3;2,3;3,7;101353;24;23;1,3
23.9.2012 18:06:50;2,3;2,3;2,3;2,3;3,7;101356;24;23;1,3
23.9.2012 18:07:15;2,3;2,3;2,3;2,3;3,7;101347;24;23;1,3
23.9.2012 18:07:40;2,3;2,3;2,3;2,3;3,7;101349;24;23;1,3
23.9.2012 18:08:05;2,3;2,3;2,3;2,3;3,7;101348;24;23;1,3
23.9.2012 18:08:30;2,3;2,3;2,3;2,3;3,7;101341;24;23;1,3
23.9.2012 18:08:55;2,3;2,3;2,3;2,3;3,7;101345;24;23;1,3
23.9.2012 18:09:20;2,3;2,3;2,3;2,3;3,7;101344;24;23;1,3
23.9.2012 18:09:45;2,3;2,3;2,3;2,3;3,7;101347;24;23;1,3
23.9.2012 18:10:10;2,3;2,3;2,3;2,3;3,7;101342;24;23;1,3
23.9.2012 18:10:35;2,3;2,3;2,3;2,3;3,7;101348;24;23;1,3
23.9.2012 18:11:00;2,3;2,3;2,3;2,3;3,7;101349;24;23;1,3
23.9.2012 18:11:25;2,3;2,3;2,3;2,3;3,7;101341;24;23;1,3
23.9.2012 18:11:50;2,3;2,3;2,3;2,3;3,7;101353;24;23;1,3
23.9.2012 18:12:15;2,3;2,3;2,3;2,3;3,7;101355;24;23;1,3
23.9.2012 18:12:40;2,3;2,3;2,3;2,3;3,7;101344;24;23;1,3
23.9.2012 18:13:05;2,3;2,3;2,3;2,3;3,7;101338;24;23;1,3
23.9.2012 18:13:30;2,3;2,3;2,3;2,3;3,7;101340;24;23;1,3
23.9.2012 18:13:55;2,3;2,3;2,3;2,3;3,7;101349;24;23;1,3
23.9.2012 18:14:20;2,3;2,3;2,3;2,3;3,7;101344;24;23;1,3
23.9.2012 18:14:45;2,3;2,4;2,3;2,3;3,7;101344;24;23;1,3
23.9.2012 18:15:10;2,3;2,3;2,3;2,3;3,7;101341;24;23;1,3
23.9.2012 18:15:35;2,3;2,3;2,3;2,3;3,7;101343;24;23;1,3
23.9.2012 18:16:00;2,3;2,3;2,3;2,3;3,7;101340;23;23;0,7
23.9.2012 18:16:25;2,3;2,3;2,3;2,3;3,7;101348;23;23;0,7
23.9.2012 18:16:50;2,3;2,3;2,3;2,3;3,7;101344;23;23;0,7
23.9.2012 18:17:15;2,3;2,3;2,3;2,3;3,7;101341;23;23;0,7
23.9.2012 18:17:40;2,3;2,3;2,3;2,3;3,7;101344;23;23;0,7
23.9.2012 18:18:05;2,3;2,3;2,3;2,3;3,7;101341;23;23;0,7
23.9.2012 18:18:30;2,3;2,3;2,3;2,3;3,7;101337;23;23;0,7
23.9.2012 18:18:55;2,3;2,3;2,3;2,3;3,7;101338;23;23;0,7
23.9.2012 18:19:20;2,3;2,3;2,3;2,3;3,7;101342;23;23;0,7
23.9.2012 18:19:45;2,3;2,3;2,3;2,3;3,7;101333;23;23;0,7
23.9.2012 18:20:10;2,3;2,3;2,3;2,3;3,7;101340;23;23;0,7
23.9.2012 18:20:35;2,3;2,3;2,3;2,3;3,7;101341;23;23;0,7
23.9.2012 18:21:00;2,3;2,3;2,3;2,3;3,7;101343;23;23;0,7
23.9.2012 18:21:25;2,3;2,4;2,3;2,3;3,7;101347;23;23;0,7
23.9.2012 18:21:50;2,3;2,4;2,3;2,3;3,7;101332;23;23;0,7
23.9.2012 18:22:15;2,3;2,4;2,3;2,3;3,7;101335;23;23;0,7
23.9.2012 18:22:40;2,3;2,4;2,3;2,3;3,7;101341;23;23;0,7
23.9.2012 18:23:05;2,3;2,4;2,3;2,3;3,7;101334;23;23;0,7
23.9.2012 18:23:30;2,3;2,4;2,3;2,3;3,7;101334;23;23;0,7
23.9.2012 18:23:56;2,3;2,4;2,3;2,3;3,7;101334;23;23;0,7
23.9.2012 18:24:21;2,3;2,4;2,3;2,3;3,7;101329;23;23;0,7
23.9.2012 18:24:46;2,3;2,4;2,3;2,3;3,7;101335;23;23;0,7
23.9.2012 18:25:11;2,3;2,4;2,3;2,3;3,7;101340;23;23;0,7
23.9.2012 18:25:36;2,3;2,4;2,3;2,3;3,7;101330;23;23;0,7
23.9.2012 18:26:01;2,3;2,3;2,3;2,3;3,7;101329;23;23;0,7
23.9.2012 18:26:26;2,3;2,3;2,3;2,3;3,7;101323;23;23;0,7
23.9.2012 18:26:51;2,3;2,3;2,3;2,3;3,7;101328;23;23;0,7
23.9.2012 18:27:16;2,3;2,3;2,3;2,3;3,7;101327;23;23;0,7
23.9.2012 18:27:41;2,3;2,3;2,3;2,3;3,7;101326;23;23;0,7
23.9.2012 18:28:06;2,3;2,3;2,3;2,3;3,7;101320;23;23;0,7
23.9.2012 18:28:31;2,3;2,3;2,3;2,3;3,7;101315;23;23;0,7
23.9.2012 18:28:56;2,3;2,3;2,3;2,3;3,7;101331;23;23;0,7
23.9.2012 18:29:21;2,3;2,3;2,3;2,3;3,7;101325;23;23;0,7
23.9.2012 18:29:46;2,3;2,3;2,3;2,3;3,7;101320;23;23;0,7
23.9.2012 18:30:11;2,3;2,3;2,3;2,3;3,7;101319;23;23;0,7
23.9.2012 18:30:36;2,3;2,3;2,3;2,3;3,7;101324;23;23;0,7
23.9.2012 18:31:01;2,3;2,3;2,3;2,3;3,7;101315;23;23;0,7
23.9.2012 18:31:26;2,3;2,3;2,3;2,3;3,7;101323;23;23;0,7
23.9.2012 18:31:51;2,3;2,3;2,3;2,3;3,7;101316;23;23;0,7
23.9.2012 18:32:16;2,3;2,3;2,3;2,3;3,7;101316;23;23;0,7
23.9.2012 18:32:41;2,3;2,3;2,3;2,3;3,7;101320;23;23;0,7
23.9.2012 18:33:06;2,3;2,3;2,3;2,3;3,7;101317;23;23;0,7
23.9.2012 18:33:31;2,3;2,3;2,3;2,3;3,7;101317;23;23;0,7
23.9.2012 18:33:56;2,3;2,3;2,3;2,3;3,7;101319;23;23;0,7
23.9.2012 18:34:21;2,3;2,3;2,3;2,3;3,7;101320;23;23;0,7
23.9.2012 18:34:46;2,3;2,3;2,3;2,3;3,7;101320;23;23;0,7
23.9.2012 18:35:11;2,3;2,3;2,3;2,3;3,7;101316;23;23;0,7
23.9.2012 18:35:36;2,3;2,3;2,3;2,3;3,7;101311;23;23;0,7
23.9.2012 18:36:01;2,3;2,3;2,3;2,3;3,7;101312;23;23;0,7
23.9.2012 18:36:26;2,3;2,3;2,3;2,3;3,7;101313;23;23;0,7
23.9.2012 18:36:51;2,3;2,3;2,3;2,3;3,7;101294;23;23;0,7
23.9.2012 18:37:16;2,3;2,3;2,3;2,3;3,7;101307;23;23;0,7
23.9.2012 18:37:41;2,3;2,3;2,3;2,3;3,7;101318;23;23;0,7
23.9.2012 18:38:06;2,3;2,3;2,3;2,3;3,7;101315;23;23;0,7
23.9.2012 18:38:31;2,3;2,3;2,3;2,3;3,7;101309;23;23;0,7
23.9.2012 18:38:56;2,3;2,3;2,3;2,3;3,7;101304;23;23;0,7
23.9.2012 18:39:21;2,3;2,3;2,3;2,3;3,7;101304;23;23;0,7
23.9.2012 18:39:46;2,3;2,3;2,3;2,3;3,7;101307;23;23;0,7
23.9.2012 18:40:11;2,3;2,3;2,3;2,3;3,7;101313;23;23;0,7
23.9.2012 18:40:36;2,3;2,3;2,3;2,3;3,7;101308;23;23;0,7
23.9.2012 18:41:01;2,3;2,3;2,3;2,3;3,7;101305;23;23;0,7
23.9.2012 18:41:26;2,3;2,3;2,3;2,3;3,7;101303;23;23;0,7
23.9.2012 18:41:51;2,3;2,3;2,3;2,3;3,7;101308;23;23;0,7
23.9.2012 18:42:16;2,3;2,3;2,3;2,3;3,7;101305;23;23;0,7
23.9.2012 18:42:41;2,3;2,3;2,3;2,3;3,7;101304;23;23;0,7
23.9.2012 18:43:06;2,3;2,3;2,3;2,3;3,7;101301;23;23;0,7
23.9.2012 18:43:31;2,3;2,3;2,3;2,3;3,7;101304;23;23;0,7
23.9.2012 18:43:56;2,3;2,3;2,3;2,3;3,7;101302;23;23;0,7
23.9.2012 18:44:21;2,3;2,3;2,3;2,3;3,7;101299;23;23;0,7
23.9.2012 18:44:46;2,3;2,3;2,3;2,3;3,7;101298;23;23;0,7
23.9.2012 18:45:11;2,3;2,3;2,3;2,3;3,7;101299;23;23;0,7
23.9.2012 18:45:36;2,3;2,3;2,3;2,3;3,7;101308;23;23;0,7
23.9.2012 18:46:01;2,3;2,3;2,3;2,3;3,7;101304;23;23;0,7
23.9.2012 18:46:26;2,3;2,3;2,3;2,3;3,7;101289;23;23;0,7
23.9.2012 18:46:51;2,3;2,3;2,3;2,3;3,7;101294;23;23;0,7
23.9.2012 18:47:16;2,3;2,3;2,3;2,3;3,7;101296;23;23;0,7
23.9.2012 18:47:41;2,3;2,3;2,3;2,3;3,7;101289;23;23;0,7
23.9.2012 18:48:06;2,3;2,3;2,3;2,3;3,7;101290;22;23;0,1
23.9.2012 18:48:31;2,3;2,3;2,3;2,3;3,7;101286;22;23;0,1
23.9.2012 18:48:56;2,3;2,3;2,3;2,3;3,7;101282;22;23;0,1
23.9.2012 18:49:28;2,3;2,3;2,3;2,3;3,7;101281;22;23;0,1
23.9.2012 18:49:53;2,3;2,3;2,3;2,3;3,7;101285;22;23;0,1
23.9.2012 18:50:18;2,3;2,3;2,3;2,3;3,7;101283;22;23;0,1
23.9.2012 18:50:43;2,3;2,3;2,3;2,3;3,7;101290;22;23;0,1
23.9.2012 18:51:08;2,3;2,3;2,3;2,3;3,7;101285;22;23;0,1
23.9.2012 18:51:33;2,3;2,3;2,3;2,3;3,7;101291;22;23;0,1
23.9.2012 18:51:58;2,3;2,3;2,3;2,3;3,7;101286;22;23;0,1
23.9.2012 18:52:23;2,3;2,3;2,3;2,3;3,7;101290;22;23;0,1
23.9.2012 18:52:48;2,3;2,3;2,3;2,3;3,7;101294;22;23;0,1
23.9.2012 18:53:13;2,3;2,3;2,3;2,3;3,7;101287;22;23;0,1
23.9.2012 18:53:38;2,3;2,3;2,3;2,3;3,7;101287;22;23;0,1
23.9.2012 18:54:03;2,3;2,3;2,3;2,3;3,7;101277;22;23;0,1
23.9.2012 18:54:28;2,3;2,3;2,3;2,3;3,7;101285;22;23;0,1
23.9.2012 18:54:53;2,3;2,3;2,3;2,3;3,7;101280;22;23;0,1
23.9.2012 18:55:18;2,3;2,3;2,3;2,3;3,7;101279;22;23;0,1
23.9.2012 18:55:43;2,3;2,3;2,3;2,3;3,7;101275;22;23;0,1
23.9.2012 18:56:08;2,3;2,3;2,3;2,3;3,7;101286;22;23;0,1
23.9.2012 18:56:33;2,3;2,3;2,3;2,3;3,7;101280;22;23;0,1
23.9.2012 18:56:58;2,3;2,3;2,3;2,3;3,7;101278;22;23;0,1
23.9.2012 18:57:23;2,3;2,3;2,3;2,3;3,7;101270;22;23;0,1
23.9.2012 18:57:48;2,3;2,3;2,3;2,3;3,7;101275;22;23;0,1
23.9.2012 18:58:13;2,3;2,3;2,3;2,3;3,7;101271;22;23;0,1
23.9.2012 18:58:38;2,3;2,3;2,3;2,3;3,7;101280;22;23;0,1
23.9.2012 18:59:03;2,3;2,3;2,3;2,3;3,7;101274;22;23;0,1
23.9.2012 18:59:28;2,3;2,3;2,3;2,3;3,7;101274;22;23;0,1
23.9.2012 18:59:53;2,3;2,3;2,3;2,3;3,7;101280;22;23;0,1
23.9.2012 19:00:18;2,3;2,3;2,3;2,3;3,7;101271;22;23;0,1
23.9.2012 19:00:43;2,3;2,3;2,3;2,3;3,7;101271;22;23;0,1
23.9.2012 19:01:08;2,3;2,3;2,3;2,3;3,7;101278;22;23;0,1
23.9.2012 19:01:33;2,3;2,3;2,3;2,3;3,7;101277;22;23;0,1
23.9.2012 19:01:58;2,3;2,3;2,3;2,3;3,7;101278;22;23;0,1
23.9.2012 19:02:24;2,3;2,3;2,3;2,3;3,7;101279;22;23;0,1
23.9.2012 19:02:49;2,3;2,3;2,3;2,3;3,7;101280;22;23;0,1
23.9.2012 19:03:14;2,3;2,3;2,3;2,3;3,7;101273;22;23;0,1
23.9.2012 19:03:39;2,3;2,3;2,3;2,3;3,7;101273;22;23;0,1
23.9.2012 19:04:04;2,3;2,3;2,3;2,3;3,7;101281;22;23;0,1
23.9.2012 19:04:29;2,3;2,3;2,3;2,3;3,7;101266;22;23;0,1
23.9.2012 19:04:54;2,3;2,3;2,3;2,3;3,7;101271;22;23;0,1
23.9.2012 19:05:19;2,3;2,3;2,3;2,3;3,7;101268;22;23;0,1
23.9.2012 19:05:44;2,3;2,3;2,3;2,3;3,7;101267;22;23;0,1
23.9.2012 19:06:09;2,3;2,3;2,3;2,3;3,7;101258;22;23;0,1
23.9.2012 19:06:34;2,3;2,3;2,3;2,3;3,7;101262;22;23;0,1
23.9.2012 19:06:59;2,3;2,3;2,3;2,3;3,7;101251;22;23;0,1
23.9.2012 19:07:24;2,3;2,3;2,3;2,3;3,7;101258;22;23;0,1
23.9.2012 19:07:49;2,3;2,3;2,3;2,3;3,7;101252;22;23;0,1
23.9.2012 19:08:14;2,3;2,3;2,3;2,3;3,7;101257;22;23;0,1
23.9.2012 19:08:39;2,3;2,3;2,3;2,3;3,7;101251;22;23;0,1
23.9.2012 19:09:04;2,3;2,3;2,3;2,3;3,7;101246;22;23;0,1
23.9.2012 19:09:29;2,3;2,3;2,3;2,3;3,7;101249;22;23;0,1
23.9.2012 19:09:54;2,3;2,3;2,3;2,3;3,7;101247;22;23;0,1
23.9.2012 19:10:19;2,3;2,3;2,3;2,3;3,7;101245;22;23;0,1
23.9.2012 19:10:44;2,3;2,3;2,3;2,3;3,7;101253;22;23;0,1
23.9.2012 19:11:09;2,3;2,3;2,3;2,3;3,7;101249;22;23;0,1
23.9.2012 19:11:34;2,3;2,3;2,3;2,3;3,7;101250;22;23;0,1
23.9.2012 19:11:59;2,3;2,3;2,3;2,3;3,7;101238;22;23;0,1
23.9.2012 19:12:24;2,3;2,3;2,3;2,3;3,7;101238;22;23;0,1
23.9.2012 19:12:49;2,3;2,3;2,3;2,3;3,7;101252;22;23;0,1
23.9.2012 19:13:14;2,3;2,3;2,3;2,3;3,7;101244;22;23;0,1
23.9.2012 19:13:39;2,3;2,3;2,3;2,3;3,7;101249;22;23;0,1
23.9.2012 19:14:04;2,3;2,3;2,3;2,3;3,7;101253;22;23;0,1
23.9.2012 19:14:29;2,3;2,3;2,3;2,3;3,7;101246;22;23;0,1
23.9.2012 19:14:54;2,3;2,3;2,3;2,3;3,7;101238;22;23;0,1
23.9.2012 19:15:19;2,3;2,3;2,3;2,3;3,7;101249;22;23;0,1
23.9.2012 19:15:44;2,3;2,3;2,3;2,3;3,7;101237;22;23;0,1
23.9.2012 19:16:09;2,3;2,3;2,3;2,3;3,7;101245;22;23;0,1
23.9.2012 19:16:34;2,3;2,3;2,3;2,3;3,7;101245;22;23;0,1
23.9.2012 19:16:59;2,3;2,3;2,3;2,3;3,7;101247;22;23;0,1
23.9.2012 19:17:24;2,3;2,3;2,3;2,3;3,7;101243;22;23;0,1
23.9.2012 19:17:49;2,3;2,3;2,3;2,3;3,7;101239;22;23;0,1
23.9.2012 19:18:14;2,3;2,3;2,3;2,3;3,7;101239;22;23;0,1
23.9.2012 19:18:39;2,3;2,3;2,3;2,3;3,7;101238;22;23;0,1
23.9.2012 19:19:04;2,3;2,3;2,3;2,3;3,7;101241;22;23;0,1
23.9.2012 19:19:29;2,3;2,3;2,3;2,3;3,7;101234;22;23;0,1
23.9.2012 19:19:54;2,3;2,3;2,3;2,3;3,7;101233;22;23;0,1
23.9.2012 19:20:19;2,3;2,3;2,3;2,3;3,7;101237;22;23;0,1
23.9.2012 19:20:44;2,3;2,3;2,3;2,3;3,7;101234;22;23;0,1
23.9.2012 19:21:09;2,3;2,3;2,3;2,3;3,2;101243;22;23;0,1
23.9.2012 19:21:34;2,3;2,4;2,3;2,3;3,0;101238;22;23;0,1
23.9.2012 19:21:59;2,3;2,4;2,3;2,3;2,8;101243;22;23;0,1
23.9.2012 19:22:24;2,3;2,4;2,3;2,3;2,7;101244;22;23;0,1
23.9.2012 19:22:49;2,3;2,3;2,3;2,3;2,6;101244;22;23;0,1
23.9.2012 19:23:14;2,3;2,3;2,3;2,3;2,6;101243;22;23;0,1
23.9.2012 19:23:39;2,3;2,3;2,3;2,3;2,5;101245;22;23;0,1
23.9.2012 19:24:04;2,3;2,3;2,3;2,3;2,5;101245;22;23;0,1
23.9.2012 19:24:29;2,3;2,3;2,3;2,3;2,5;101235;22;23;0,1
23.9.2012 19:24:54;2,3;2,3;2,3;2,3;2,5;101238;22;23;0,1
23.9.2012 19:25:19;2,3;2,3;2,3;2,3;2,5;101231;22;23;0,1
23.9.2012 19:25:44;2,3;2,3;2,3;2,3;2,5;101235;22;23;0,1
23.9.2012 19:26:09;2,3;2,3;2,3;2,3;2,5;101232;22;23;0,1
23.9.2012 19:26:34;2,3;2,3;2,3;2,3;2,5;101236;22;23;0,1
23.9.2012 19:28:06;2,3;2,3;2,3;2,3;2,5;101238;22;23;0,1
23.9.2012 19:31:45;2,3;2,3;2,3;2,3;2,5;101229;22;23;0,1
23.9.2012 19:32:10;2,3;2,3;2,3;2,3;2,5;101231;22;23;0,1
23.9.2012 19:32:35;2,3;2,3;2,3;2,3;2,5;101227;22;23;0,1
23.9.2012 19:34:26;2,3;2,3;2,3;2,3;2,5;101230;22;23;0,1
23.9.2012 19:34:51;2,3;2,3;2,3;2,3;2,5;101230;22;23;0,1
23.9.2012 19:35:16;2,3;2,3;2,3;2,3;2,5;101235;22;23;0,1
23.9.2012 19:35:41;2,3;2,3;2,3;2,3;2,5;101234;22;23;0,1
23.9.2012 19:36:06;2,3;2,3;2,3;2,3;2,5;101235;22;23;0,1
23.9.2012 19:36:31;2,3;2,3;2,3;2,3;2,4;101231;22;23;0,1
23.9.2012 19:36:56;2,3;2,3;2,3;2,3;2,4;101236;22;23;0,1
23.9.2012 19:37:21;2,3;2,3;2,3;2,3;2,4;101231;22;23;0,1
23.9.2012 19:37:46;2,3;2,3;2,3;2,3;2,4;101231;22;23;0,1
23.9.2012 19:38:11;2,3;2,3;2,3;2,3;2,4;101228;22;23;0,1
23.9.2012 19:38:36;2,3;2,3;2,3;2,3;2,4;101237;22;23;0,1
23.9.2012 19:39:01;2,3;2,3;2,3;2,3;2,4;101230;22;23;0,1
23.9.2012 19:39:26;2,3;2,3;2,3;2,3;2,4;101229;22;23;0,1
23.9.2012 19:39:51;2,3;2,3;2,3;2,3;2,4;101227;22;23;0,1
23.9.2012 19:40:16;2,3;2,3;2,3;2,3;2,4;101222;22;23;0,1
23.9.2012 19:40:41;2,3;2,3;2,3;2,3;2,4;101222;22;23;0,1
23.9.2012 19:41:06;2,3;2,3;2,3;2,3;2,4;101225;22;23;0,1
23.9.2012 19:41:31;2,3;2,3;2,3;2,3;2,4;101226;22;23;0,1
23.9.2012 19:41:56;2,3;2,3;2,3;2,3;2,4;101217;22;23;0,1
23.9.2012 19:42:21;2,3;2,3;2,3;2,3;2,4;101217;22;23;0,1
23.9.2012 19:42:46;2,3;2,3;2,3;2,3;2,4;101224;22;23;0,1
23.9.2012 19:43:11;2,3;2,3;2,3;2,3;2,4;101219;22;23;0,1
23.9.2012 19:43:36;2,3;2,3;2,3;2,3;2,4;101221;22;23;0,1
23.9.2012 19:44:01;2,3;2,3;2,3;2,3;2,4;101218;22;23;0,1
23.9.2012 19:44:26;2,3;2,3;2,3;2,3;2,4;101227;22;23;0,1
23.9.2012 19:44:51;2,3;2,3;2,3;2,3;2,4;101224;22;23;0,1
23.9.2012 19:45:16;2,3;2,3;2,3;2,3;2,4;101229;22;23;0,1
23.9.2012 19:45:41;2,3;2,3;2,3;2,3;2,4;101221;22;23;0,1
23.9.2012 19:46:06;2,3;2,3;2,3;2,3;2,4;101221;22;23;0,1
23.9.2012 19:46:31;2,3;2,3;2,3;2,3;2,4;101227;22;23;0,1
23.9.2012 19:46:56;2,3;2,3;2,3;2,3;2,4;101222;22;23;0,1
23.9.2012 19:47:21;2,3;2,3;2,3;2,3;2,4;101226;22;23;0,1
23.9.2012 19:47:46;2,3;2,3;2,3;2,3;2,4;101221;22;23;0,1
23.9.2012 19:48:11;2,3;2,3;2,3;2,3;2,4;101233;22;23;0,1
23.9.2012 19:48:36;2,3;2,3;2,3;2,3;2,4;101221;22;23;0,1
23.9.2012 19:49:01;2,3;2,3;2,3;2,3;2,4;101218;22;23;0,1
23.9.2012 19:49:26;2,3;2,3;2,3;2,3;2,4;101215;22;23;0,1
23.9.2012 19:49:51;2,3;2,3;2,3;2,3;2,4;101210;22;23;0,1
23.9.2012 19:50:16;2,3;2,3;2,3;2,3;2,4;101209;22;23;0,1
23.9.2012 19:50:41;2,3;2,3;2,3;2,3;2,4;101206;22;23;0,1
23.9.2012 19:51:06;2,3;2,3;2,3;2,3;2,4;101206;22;23;0,1
23.9.2012 19:51:31;2,3;2,3;2,3;2,3;2,4;101221;22;23;0,1
23.9.2012 19:51:56;2,3;2,3;2,3;2,3;2,4;101202;22;23;0,1
23.9.2012 19:52:21;2,3;2,3;2,3;2,3;2,4;101201;22;23;0,1
23.9.2012 19:52:46;2,3;2,3;2,3;2,3;2,4;101204;22;23;0,1
23.9.2012 19:53:15;2,3;2,3;2,3;2,3;2,4;101202;22;23;0,1
23.9.2012 19:53:41;2,3;2,3;2,3;2,3;2,4;101205;22;23;0,1
23.9.2012 19:54:06;2,3;2,3;2,3;2,3;2,4;101203;22;23;0,1
23.9.2012 19:54:31;2,3;2,3;2,3;2,3;2,4;101207;22;23;0,1
23.9.2012 19:54:56;2,3;2,3;2,3;2,3;2,4;101206;22;23;0,1
23.9.2012 19:55:21;2,3;2,3;2,3;2,3;2,4;101206;22;23;0,1
23.9.2012 19:55:56;2,3;2,3;2,3;2,3;2,4;101207;22;23;0,1
23.9.2012 19:56:21;2,3;2,3;2,3;2,3;2,4;101205;22;23;0,1
23.9.2012 19:56:46;2,3;2,3;2,3;2,3;2,4;101202;22;23;0,1
23.9.2012 19:57:11;2,3;2,3;2,3;2,3;2,4;101203;22;23;0,1
23.9.2012 19:57:36;2,3;2,3;2,3;2,3;2,4;101197;22;23;0,1
23.9.2012 19:58:02;2,3;2,3;2,3;2,3;2,4;101202;22;23;0,1
23.9.2012 19:58:27;2,3;2,3;2,3;2,3;2,4;101207;22;23;0,1
23.9.2012 19:58:52;2,3;2,3;2,3;2,3;2,4;101208;22;23;0,1
23.9.2012 19:59:17;2,3;2,3;2,3;2,3;2,4;101202;22;23;0,1
23.9.2012 19:59:42;2,3;2,3;2,3;2,3;2,4;101192;22;23;0,1
23.9.2012 20:00:07;2,3;2,3;2,3;2,3;2,4;101199;22;23;0,1
23.9.2012 20:00:36;2,3;2,3;2,3;2,3;2,4;101206;22;23;0,1
23.9.2012 20:01:02;2,3;2,3;2,3;2,3;2,4;101209;22;23;0,1
23.9.2012 20:01:27;2,3;2,3;2,3;2,3;2,4;101197;22;23;0,1
23.9.2012 20:01:52;2,3;2,3;2,3;2,3;2,4;101209;22;23;0,1
23.9.2012 20:02:17;2,3;2,3;2,3;2,3;2,4;101199;22;23;0,1
23.9.2012 20:02:42;2,3;2,3;2,3;2,3;2,4;101200;22;23;0,1
23.9.2012 20:03:07;2,3;2,3;2,3;2,3;2,4;101196;22;23;0,1
23.9.2012 20:03:32;2,3;2,3;2,3;2,3;2,4;101194;22;23;0,1
23.9.2012 20:03:57;2,3;2,3;2,3;2,3;2,4;101194;22;23;0,1
23.9.2012 20:04:22;2,3;2,3;2,3;2,3;2,4;101199;22;23;0,1
23.9.2012 20:04:47;2,3;2,3;2,3;2,3;2,4;101195;22;23;0,1
23.9.2012 20:05:12;2,3;2,3;2,3;2,3;2,4;101195;22;23;0,1
23.9.2012 20:05:37;2,3;2,3;2,3;2,3;2,4;101200;22;23;0,1
23.9.2012 20:06:02;2,3;2,3;2,3;2,3;2,4;101192;22;23;0,1
23.9.2012 20:06:27;2,3;2,3;2,3;2,3;2,4;101189;22;23;0,1
23.9.2012 20:06:52;2,3;2,3;2,3;2,3;2,4;101193;22;23;0,1
23.9.2012 20:07:17;2,3;2,3;2,3;2,3;2,4;101186;22;23;0,1
23.9.2012 20:07:42;2,3;2,3;2,3;2,3;2,4;101191;22;23;0,1
23.9.2012 20:08:07;2,3;2,3;2,3;2,3;2,4;101180;22;23;0,1
23.9.2012 20:08:32;2,3;2,3;2,3;2,3;2,4;101182;22;23;0,1
23.9.2012 20:08:57;2,3;2,3;2,3;2,3;2,4;101187;22;23;0,1
23.9.2012 20:09:22;2,3;2,3;2,3;2,3;2,4;101167;22;23;0,1
23.9.2012 20:09:47;2,3;2,3;2,3;2,3;2,4;101181;22;23;0,1
23.9.2012 20:10:12;2,3;2,3;2,3;2,3;2,4;101187;22;23;0,1
23.9.2012 20:10:37;2,3;2,3;2,3;2,3;2,4;101176;22;23;0,1
23.9.2012 20:11:02;2,3;2,3;2,3;2,3;2,4;101179;22;23;0,1
23.9.2012 20:11:27;2,3;2,3;2,3;2,3;2,4;101174;22;23;0,1
23.9.2012 20:11:52;2,3;2,3;2,3;2,3;2,4;101175;22;23;0,1
23.9.2012 20:12:17;2,4;2,3;2,3;2,3;2,4;101175;22;23;0,1
23.9.2012 20:12:42;2,3;2,3;2,3;2,3;2,4;101171;22;23;0,1
23.9.2012 20:13:07;2,3;2,3;2,3;2,3;2,4;101174;22;23;0,1
23.9.2012 20:13:32;2,4;2,3;2,3;2,3;2,4;101170;22;23;0,1
23.9.2012 20:13:57;2,4;2,3;2,3;2,3;2,4;101168;22;23;0,1
23.9.2012 20:14:22;2,4;2,3;2,3;2,3;2,4;101178;22;23;0,1
23.9.2012 20:14:47;2,4;2,3;2,3;2,3;2,4;101169;22;23;0,1
23.9.2012 20:15:12;2,4;2,3;2,3;2,3;2,4;101172;22;23;0,1
23.9.2012 20:15:37;2,4;2,3;2,3;2,3;2,4;101162;22;23;0,1
23.9.2012 20:16:02;2,4;2,3;2,3;2,3;2,4;101162;22;23;0,1
23.9.2012 20:16:27;2,4;2,3;2,3;2,3;2,5;101163;22;23;0,1
23.9.2012 20:16:52;2,4;2,3;2,3;2,3;2,5;101174;22;23;0,1
23.9.2012 20:17:17;2,4;2,3;2,3;2,3;2,5;101169;22;23;0,1
23.9.2012 20:17:42;2,4;2,3;2,3;2,3;2,5;101174;22;23;0,1
23.9.2012 20:18:07;2,4;2,3;2,3;2,3;2,5;101159;22;23;0,1
23.9.2012 20:18:32;2,4;2,3;2,3;2,3;2,5;101167;22;23;0,1
23.9.2012 20:18:57;2,4;2,3;2,3;2,3;2,5;101162;22;23;0,1
23.9.2012 20:19:22;2,4;2,3;2,3;2,3;2,5;101158;22;23;0,1
23.9.2012 20:19:47;2,4;2,3;2,3;2,3;2,5;101155;22;23;0,1
23.9.2012 20:20:13;2,4;2,3;2,3;2,3;2,5;101161;22;23;0,1
23.9.2012 20:20:38;2,4;2,3;2,3;2,3;2,5;101159;22;23;0,1
23.9.2012 20:21:03;2,4;2,3;2,3;2,3;2,5;101162;22;23;0,1
23.9.2012 20:21:28;2,4;2,3;2,3;2,3;2,5;101162;22;23;0,1
23.9.2012 20:21:53;2,4;2,3;2,3;2,3;2,5;101161;22;23;0,1
23.9.2012 20:22:18;2,4;2,3;2,3;2,3;2,5;101165;22;23;0,1
23.9.2012 20:22:43;2,4;2,3;2,3;2,3;2,5;101167;22;23;0,1
23.9.2012 20:23:08;2,4;2,3;2,3;2,3;2,5;101165;22;23;0,1
23.9.2012 20:23:33;2,4;2,3;2,3;2,3;2,5;101160;22;23;0,1
23.9.2012 20:23:58;2,4;2,3;2,3;2,3;2,5;101159;22;23;0,1
23.9.2012 20:24:23;2,4;2,3;2,3;2,3;2,5;101155;22;23;0,1
23.9.2012 20:24:48;2,4;2,3;2,3;2,3;2,5;101152;22;23;0,1
23.9.2012 20:25:13;2,4;2,3;2,3;2,3;2,5;101155;22;23;0,1
23.9.2012 20:25:38;2,4;2,3;2,3;2,3;2,4;101152;22;23;0,1
23.9.2012 20:26:03;2,4;2,3;2,3;2,3;2,4;101152;22;23;0,1
23.9.2012 20:26:28;2,4;2,3;2,3;2,3;2,4;101156;22;23;0,1
23.9.2012 20:26:53;2,4;2,3;2,3;2,3;2,5;101150;22;23;0,1
23.9.2012 20:27:18;2,4;2,3;2,3;2,3;2,5;101152;22;23;0,1
23.9.2012 20:27:43;2,4;2,3;2,3;2,3;2,5;101151;22;23;0,1
23.9.2012 20:28:08;2,4;2,3;2,3;2,3;2,5;101150;22;23;0,1
23.9.2012 20:28:33;2,3;2,3;2,3;2,3;2,5;101136;22;23;0,1
23.9.2012 20:28:58;2,4;2,3;2,3;2,3;2,5;101151;22;23;0,1
23.9.2012 20:29:23;2,4;2,3;2,3;2,3;2,5;101142;22;23;0,1
23.9.2012 20:29:48;2,4;2,3;2,3;2,3;2,5;101137;22;23;0,1
23.9.2012 20:30:13;2,4;2,3;2,3;2,3;2,5;101141;22;23;0,1
23.9.2012 20:30:38;2,4;2,3;2,3;2,3;2,5;101136;22;23;0,1
23.9.2012 20:31:03;2,4;2,3;2,3;2,3;2,5;101132;22;23;0,1
23.9.2012 20:31:28;2,4;2,3;2,3;2,3;2,5;101140;22;23;0,1
23.9.2012 20:31:53;2,4;2,3;2,3;2,3;2,5;101139;22;23;0,1
23.9.2012 20:32:18;2,4;2,3;2,3;2,3;2,5;101136;22;23;0,1
23.9.2012 20:32:43;2,4;2,3;2,3;2,3;2,5;101133;22;23;0,1
23.9.2012 20:33:08;2,4;2,3;2,3;2,3;2,5;101135;22;23;0,1
23.9.2012 20:33:33;2,4;2,3;2,3;2,3;2,5;101140;22;23;0,1
23.9.2012 20:33:58;2,4;2,3;2,3;2,3;2,5;101138;22;23;0,1
23.9.2012 20:34:23;2,4;2,3;2,3;2,3;2,5;101140;22;23;0,1
23.9.2012 20:34:48;2,4;2,3;2,3;2,3;2,5;101129;22;23;0,1
23.9.2012 20:35:13;2,4;2,3;2,3;2,3;2,5;101145;22;23;0,1
23.9.2012 20:35:38;2,4;2,4;2,3;2,3;2,5;101153;22;23;0,1
23.9.2012 20:36:03;2,4;2,4;2,3;2,3;2,5;101156;22;23;0,1
23.9.2012 20:36:28;2,4;2,3;2,3;2,3;2,5;101139;22;23;0,1
23.9.2012 20:36:53;2,4;2,3;2,3;2,3;2,5;101134;22;23;0,1
23.9.2012 20:37:18;2,4;2,3;2,3;2,3;2,4;101123;22;23;0,1
23.9.2012 20:37:43;2,4;2,3;2,3;2,3;2,4;101123;22;23;0,1
23.9.2012 20:38:08;2,4;2,3;2,3;2,3;2,4;101133;22;23;0,1
23.9.2012 20:38:33;2,4;2,3;2,3;2,3;2,4;101126;22;23;0,1
23.9.2012 20:39:06;2,3;2,3;2,3;2,3;2,4;101121;22;23;0,1
23.9.2012 20:39:31;2,3;2,3;2,3;2,3;2,4;101125;22;23;0,1
23.9.2012 20:39:56;2,3;2,3;2,3;2,3;2,4;101120;22;23;0,1
23.9.2012 20:40:21;2,3;2,3;2,3;2,3;2,4;101130;22;23;0,1
23.9.2012 20:40:46;2,3;2,3;2,3;2,3;2,4;101136;22;23;0,1
23.9.2012 20:41:11;2,3;2,3;2,3;2,3;2,4;101117;22;23;0,1
23.9.2012 20:41:36;2,3;2,3;2,3;2,3;2,4;101125;22;23;0,1
23.9.2012 20:42:01;2,3;2,3;2,3;2,3;2,4;101129;22;23;0,1
23.9.2012 20:42:26;2,3;2,3;2,3;2,3;2,4;101130;22;23;0,1
23.9.2012 20:42:51;2,3;2,3;2,3;2,3;2,4;101117;22;23;0,1
23.9.2012 20:43:16;2,3;2,3;2,3;2,3;2,4;101123;22;23;0,1
23.9.2012 20:43:41;2,3;2,3;2,3;2,3;2,4;101121;22;23;0,1
23.9.2012 20:44:06;2,3;2,3;2,3;2,3;2,4;101129;22;23;0,1
23.9.2012 20:44:31;2,3;2,3;2,3;2,3;2,4;101132;22;23;0,1
23.9.2012 20:44:56;2,3;2,3;2,3;2,3;2,4;101129;22;23;0,1
23.9.2012 20:45:21;2,3;2,3;2,3;2,3;2,4;101131;22;23;0,1
23.9.2012 20:45:46;2,3;2,3;2,3;2,3;2,4;101127;22;23;0,1
23.9.2012 20:46:11;2,3;2,3;2,3;2,3;2,4;101121;22;23;0,1
23.9.2012 20:46:36;2,3;2,3;2,3;2,3;2,4;101125;22;23;0,1
23.9.2012 20:47:01;2,3;2,3;2,3;2,3;2,4;101126;22;23;0,1
23.9.2012 20:47:26;2,3;2,3;2,3;2,3;2,4;101127;22;23;0,1
23.9.2012 20:47:51;2,3;2,3;2,3;2,3;2,5;101130;22;23;0,1
23.9.2012 20:48:16;2,3;2,3;2,3;2,3;2,5;101127;22;23;0,1
23.9.2012 20:48:41;2,3;2,3;2,3;2,3;2,5;101133;22;23;0,1
23.9.2012 20:49:06;2,3;2,3;2,3;2,3;2,5;101142;22;23;0,1
23.9.2012 20:49:31;2,4;2,3;2,3;2,3;2,5;101133;22;23;0,1
23.9.2012 20:49:56;2,4;2,3;2,3;2,3;2,5;101144;22;23;0,1
23.9.2012 20:50:21;2,4;2,3;2,3;2,3;2,5;101129;22;23;0,1
23.9.2012 20:50:46;2,4;2,3;2,3;2,3;2,5;101140;22;23;0,1
23.9.2012 20:51:11;2,4;2,3;2,3;2,3;2,5;101133;22;23;0,1
23.9.2012 20:51:36;2,4;2,3;2,3;2,3;2,5;101135;22;23;0,1
23.9.2012 20:52:01;2,4;2,3;2,3;2,3;2,5;101137;22;23;0,1
23.9.2012 20:52:26;2,4;2,3;2,3;2,3;2,5;101129;22;23;0,1
23.9.2012 20:52:51;2,4;2,3;2,3;2,3;2,5;101125;22;23;0,1
23.9.2012 20:53:16;2,4;2,3;2,3;2,3;2,5;101130;22;23;0,1
23.9.2012 20:53:41;2,4;2,3;2,3;2,3;2,5;101133;22;23;0,1
23.9.2012 20:54:06;2,4;2,3;2,3;2,3;2,5;101130;22;23;0,1
23.9.2012 20:54:31;2,4;2,3;2,3;2,3;2,5;101132;22;23;0,1
23.9.2012 20:54:56;2,4;2,3;2,3;2,3;2,5;101120;22;23;0,1
23.9.2012 20:55:22;2,4;2,3;2,3;2,3;2,5;101129;22;23;0,1
23.9.2012 20:55:47;2,4;2,3;2,3;2,3;2,5;101123;22;23;0,1
23.9.2012 20:56:12;2,4;2,3;2,3;2,3;2,5;101131;22;23;0,1
23.9.2012 20:56:37;2,4;2,3;2,3;2,3;2,5;101131;22;23;0,1
23.9.2012 20:57:02;2,4;2,3;2,3;2,3;2,5;101127;22;23;0,1
23.9.2012 20:57:27;2,4;2,3;2,3;2,3;2,5;101125;22;23;0,1
23.9.2012 20:57:52;2,4;2,3;2,3;2,3;2,5;101127;22;23;0,1
23.9.2012 20:58:17;2,4;2,3;2,3;2,3;2,5;101119;22;23;0,1
23.9.2012 20:58:42;2,4;2,3;2,3;2,3;2,5;101129;22;23;0,1
23.9.2012 20:59:07;2,4;2,4;2,3;2,3;2,5;101126;22;23;0,1
23.9.2012 20:59:32;2,4;2,4;2,3;2,3;2,5;101128;22;23;0,1
23.9.2012 20:59:57;2,4;2,4;2,3;2,3;2,5;101125;22;23;0,1
23.9.2012 21:00:22;2,4;2,4;2,3;2,3;2,5;101129;22;23;0,1
23.9.2012 21:00:47;2,4;2,4;2,3;2,3;2,5;101122;22;23;0,1
23.9.2012 21:01:12;2,4;2,3;2,3;2,3;2,5;101126;22;23;0,1
23.9.2012 21:01:37;2,4;2,4;2,3;2,3;2,5;101129;22;23;0,1
23.9.2012 21:02:02;2,4;2,4;2,3;2,3;2,5;101129;22;23;0,1
23.9.2012 21:02:27;2,4;2,4;2,3;2,3;2,5;101129;22;23;0,1
23.9.2012 21:02:52;2,4;2,4;2,4;2,4;2,5;101121;22;24;0,9
23.9.2012 21:03:17;2,4;2,4;2,4;2,4;2,5;101130;22;24;0,9
23.9.2012 21:03:42;2,4;2,4;2,4;2,4;2,5;101131;22;24;0,9
23.9.2012 21:04:07;2,4;2,4;2,4;2,4;2,5;101130;22;24;0,9
23.9.2012 21:04:32;2,4;2,4;2,4;2,4;2,5;101138;22;24;0,9
23.9.2012 21:04:57;2,4;2,4;2,4;2,4;2,5;101131;22;24;0,9
23.9.2012 21:05:22;2,4;2,4;2,4;2,4;2,5;101128;22;24;0,9
23.9.2012 21:05:47;2,4;2,4;2,4;2,4;2,5;101119;22;24;0,9
23.9.2012 21:06:12;2,4;2,4;2,4;2,3;2,5;101112;22;24;0,9
23.9.2012 21:06:37;2,4;2,4;2,4;2,3;2,5;101108;22;24;0,9
23.9.2012 21:07:02;2,4;2,4;2,4;2,3;2,5;101111;22;23;0,1
23.9.2012 21:07:27;2,3;2,4;2,4;2,3;2,5;101108;22;23;0,1
23.9.2012 21:07:52;2,3;2,4;2,3;2,3;2,5;101105;22;23;0,1
23.9.2012 21:08:17;2,3;2,4;2,3;2,3;2,5;101111;22;23;0,1
23.9.2012 21:08:42;2,3;2,3;2,3;2,3;2,5;101098;22;23;0,1
23.9.2012 21:09:07;2,3;2,3;2,3;2,3;2,5;101106;22;23;0,1
23.9.2012 21:09:32;2,3;2,3;2,3;2,3;2,5;101108;22;23;0,1
23.9.2012 21:09:57;2,3;2,3;2,3;2,3;2,4;101106;22;23;0,1
23.9.2012 21:10:22;2,3;2,3;2,3;2,3;2,4;101097;22;23;0,1
23.9.2012 21:10:47;2,3;2,3;2,3;2,3;2,4;101108;22;23;0,1
23.9.2012 21:11:12;2,3;2,3;2,3;2,3;2,4;101091;22;23;0,1
23.9.2012 21:11:37;2,3;2,3;2,3;2,3;2,4;101096;22;23;0,1
23.9.2012 21:12:02;2,3;2,3;2,3;2,3;2,4;101088;22;23;0,1
23.9.2012 21:12:27;2,3;2,3;2,3;2,3;2,4;101079;22;23;0,1
23.9.2012 21:12:52;2,3;2,3;2,3;2,3;2,4;101102;22;23;0,1
23.9.2012 21:13:17;2,3;2,3;2,3;2,3;2,4;101089;22;23;0,1
23.9.2012 21:13:42;2,3;2,3;2,3;2,3;2,4;101092;22;23;0,1
23.9.2012 21:14:07;2,3;2,3;2,3;2,3;2,4;101096;22;23;0,1
23.9.2012 21:14:32;2,3;2,3;2,3;2,3;2,4;101087;22;23;0,1
23.9.2012 21:14:57;2,3;2,3;2,3;2,3;2,4;101080;22;23;0,1
23.9.2012 21:15:22;2,3;2,3;2,3;2,3;2,4;101082;22;23;0,1
23.9.2012 21:15:47;2,3;2,3;2,3;2,3;2,4;101089;22;23;0,1
23.9.2012 21:16:12;2,3;2,3;2,3;2,3;2,4;101090;22;23;0,1
23.9.2012 21:16:37;2,3;2,3;2,3;2,3;2,4;101087;22;23;0,1
23.9.2012 21:17:02;2,3;2,3;2,3;2,3;2,4;101087;22;23;0,1
23.9.2012 21:17:27;2,3;2,3;2,3;2,3;2,4;101087;22;23;0,1
23.9.2012 21:17:52;2,3;2,3;2,3;2,3;2,4;101079;22;23;0,1
23.9.2012 21:18:17;2,3;2,3;2,3;2,3;2,4;101078;22;23;0,1
23.9.2012 21:18:42;2,3;2,3;2,3;2,3;2,4;101081;22;23;0,1
23.9.2012 21:19:07;2,3;2,3;2,3;2,3;2,4;101076;22;23;0,1
23.9.2012 21:19:32;2,3;2,3;2,3;2,3;2,4;101081;21;23;0,4
23.9.2012 21:19:57;2,3;2,3;2,3;2,3;2,4;101085;22;23;0,1
23.9.2012 21:20:22;2,3;2,3;2,3;2,3;2,4;101072;22;23;0,1
23.9.2012 21:20:47;2,3;2,3;2,3;2,3;2,4;101089;22;23;0,1
23.9.2012 21:21:12;2,3;2,3;2,3;2,3;2,4;101077;22;23;0,1
23.9.2012 21:21:37;2,3;2,3;2,3;2,3;2,4;101070;22;23;0,1
23.9.2012 21:22:02;2,3;2,3;2,3;2,3;2,4;101065;22;23;0,1
23.9.2012 21:22:27;2,3;2,3;2,3;2,3;2,4;101072;22;23;0,1
23.9.2012 21:22:52;2,3;2,3;2,3;2,3;2,4;101093;22;23;0,1
23.9.2012 21:23:17;2,3;2,3;2,3;2,3;2,4;101088;22;23;0,1
23.9.2012 21:23:42;2,3;2,3;2,3;2,3;2,4;101080;22;23;0,1
23.9.2012 21:24:07;2,3;2,3;2,3;2,3;2,4;101079;22;23;0,1
23.9.2012 21:24:32;2,3;2,3;2,3;2,3;2,4;101074;22;23;0,1
23.9.2012 21:24:57;2,3;2,3;2,3;2,3;2,4;101078;22;23;0,1
23.9.2012 21:25:22;2,3;2,3;2,3;2,3;2,4;101071;22;23;0,1
23.9.2012 21:25:47;2,3;2,3;2,3;2,3;2,4;101093;21;23;0,4
23.9.2012 21:26:12;2,3;2,3;2,3;2,3;2,4;101090;22;23;0,1
23.9.2012 21:26:37;2,3;2,3;2,3;2,3;2,4;101076;22;23;0,1
23.9.2012 21:27:02;2,3;2,3;2,3;2,3;2,4;101092;21;23;0,4
23.9.2012 21:27:27;2,3;2,3;2,3;2,3;2,4;101081;21;23;0,4
23.9.2012 21:27:52;2,3;2,3;2,3;2,3;2,4;101087;22;23;0,1
23.9.2012 21:28:17;2,3;2,3;2,3;2,3;2,4;101072;21;23;0,4
23.9.2012 21:28:42;2,3;2,3;2,3;2,3;2,4;101086;21;23;0,4
23.9.2012 21:29:07;2,3;2,3;2,3;2,3;2,4;101076;21;23;0,4
23.9.2012 21:29:32;2,3;2,3;2,3;2,3;2,4;101078;22;23;0,1
23.9.2012 21:29:57;2,3;2,3;2,3;2,3;2,4;101086;22;23;0,1
23.9.2012 21:30:23;2,3;2,3;2,3;2,3;2,4;101094;21;23;0,4
23.9.2012 21:30:48;2,3;2,3;2,3;2,3;2,4;101082;21;23;0,4
23.9.2012 21:31:13;2,3;2,3;2,3;2,3;2,4;101070;21;23;0,4
23.9.2012 21:31:38;2,3;2,3;2,3;2,3;2,4;101070;21;23;0,4
23.9.2012 21:32:03;2,3;2,3;2,3;2,3;2,4;101068;22;23;0,1
23.9.2012 21:32:28;2,3;2,3;2,3;2,3;2,4;101071;22;23;0,1
23.9.2012 21:32:53;2,3;2,3;2,3;2,3;2,4;101076;22;23;0,1
23.9.2012 21:33:18;2,3;2,3;2,3;2,3;2,4;101087;21;23;0,4
23.9.2012 21:33:43;2,3;2,3;2,3;2,3;2,4;101077;21;23;0,4
23.9.2012 21:34:08;2,3;2,3;2,3;2,3;2,4;101074;22;23;0,1
23.9.2012 21:34:33;2,3;2,3;2,3;2,3;2,4;101063;21;23;0,4
23.9.2012 21:34:58;2,3;2,3;2,3;2,3;2,4;101064;22;23;0,1
23.9.2012 21:35:23;2,3;2,3;2,3;2,3;2,4;101068;21;23;0,4
23.9.2012 21:35:48;2,3;2,3;2,3;2,3;2,4;101077;22;23;0,1
23.9.2012 21:36:13;2,3;2,3;2,3;2,3;2,4;101079;21;23;0,4
23.9.2012 21:36:38;2,3;2,3;2,3;2,3;2,4;101061;22;23;0,1
23.9.2012 21:37:03;2,3;2,3;2,3;2,3;2,4;101077;21;23;0,4
23.9.2012 21:37:28;2,3;2,3;2,3;2,3;2,4;101071;21;23;0,4
23.9.2012 21:37:53;2,3;2,3;2,3;2,3;2,4;101065;21;23;0,4
23.9.2012 21:38:18;2,3;2,3;2,3;2,3;2,4;101068;21;23;0,4
23.9.2012 21:38:43;2,3;2,3;2,3;2,3;2,4;101069;21;23;0,4
23.9.2012 21:39:15;2,3;2,3;2,3;2,3;2,4;101064;22;23;0,1
23.9.2012 21:39:40;2,3;2,3;2,3;2,3;2,4;101053;21;23;0,4
23.9.2012 21:40:05;2,3;2,3;2,3;2,3;2,4;101055;21;23;0,4
23.9.2012 21:40:30;2,3;2,3;2,3;2,3;2,4;101042;21;23;0,4
23.9.2012 21:40:55;2,3;2,3;2,3;2,3;2,4;101053;21;23;0,4
23.9.2012 21:41:20;2,3;2,3;2,3;2,3;2,4;101053;21;23;0,4
23.9.2012 21:41:45;2,3;2,3;2,3;2,3;2,4;101048;21;23;0,4
23.9.2012 21:42:10;2,3;2,3;2,3;2,3;2,4;101046;21;23;0,4
23.9.2012 21:42:35;2,3;2,3;2,3;2,3;2,4;101057;21;23;0,4
23.9.2012 21:43:00;2,3;2,3;2,3;2,3;2,4;101052;22;23;0,1
23.9.2012 21:43:25;2,3;2,3;2,3;2,3;2,4;101051;21;23;0,4
23.9.2012 21:43:50;2,3;2,3;2,3;2,3;2,4;101047;21;23;0,4
23.9.2012 21:44:15;2,3;2,3;2,3;2,3;2,4;101052;22;23;0,1
23.9.2012 21:44:40;2,3;2,3;2,3;2,3;2,4;101049;21;23;0,4
23.9.2012 21:45:05;2,3;2,3;2,3;2,3;2,4;101049;21;23;0,4
23.9.2012 21:45:30;2,3;2,3;2,3;2,3;2,4;101069;22;23;0,1
23.9.2012 21:45:55;2,3;2,3;2,3;2,3;2,4;101070;22;23;0,1
23.9.2012 21:46:20;2,3;2,3;2,3;2,3;2,4;101066;21;23;0,4
23.9.2012 21:47:41;2,3;2,4;2,3;2,3;2,4;101062;22;23;0,1
23.9.2012 21:48:06;2,3;2,4;2,3;2,3;2,4;101069;21;23;0,4
23.9.2012 21:48:31;2,3;2,4;2,3;2,3;2,4;101066;21;23;0,4
23.9.2012 21:48:56;2,3;2,3;2,3;2,3;2,4;101058;22;23;0,1
23.9.2012 21:49:21;2,3;2,3;2,3;2,3;2,4;101059;22;23;0,1
23.9.2012 21:49:46;2,3;2,3;2,3;2,3;2,4;101068;21;23;0,4
23.9.2012 21:50:11;2,3;2,3;2,3;2,3;2,4;101058;21;23;0,4
23.9.2012 21:50:36;2,3;2,3;2,3;2,3;2,4;101063;21;23;0,4
23.9.2012 21:51:01;2,3;2,3;2,3;2,3;2,4;101065;21;23;0,4
23.9.2012 21:51:26;2,3;2,3;2,3;2,3;2,4;101042;21;23;0,4
23.9.2012 21:51:51;2,3;2,3;2,3;2,3;2,4;101064;21;23;0,4
23.9.2012 21:52:17;2,3;2,3;2,3;2,3;2,4;101047;21;23;0,4
23.9.2012 21:52:42;2,3;2,3;2,3;2,3;2,4;101045;21;23;0,4
23.9.2012 21:53:07;2,3;2,3;2,3;2,3;2,4;101034;21;23;0,4
23.9.2012 21:53:32;2,3;2,3;2,3;2,3;2,4;101029;21;23;0,4
23.9.2012 21:53:57;2,3;2,3;2,3;2,3;2,4;101032;21;23;0,4
23.9.2012 21:54:22;2,3;2,3;2,3;2,3;2,3;101033;21;23;0,4
23.9.2012 21:54:47;2,3;2,3;2,3;2,3;2,3;101034;21;23;0,4
23.9.2012 21:55:12;2,3;2,3;2,3;2,3;2,3;101027;21;23;0,4
23.9.2012 21:55:37;2,3;2,3;2,3;2,3;2,3;101035;21;23;0,4
23.9.2012 21:56:02;2,3;2,3;2,3;2,3;2,3;101029;21;23;0,4
23.9.2012 21:56:27;2,3;2,3;2,3;2,3;2,3;101030;21;23;0,4
23.9.2012 21:56:52;2,3;2,3;2,3;2,3;2,3;101029;21;23;0,4
23.9.2012 21:57:17;2,3;2,3;2,3;2,3;2,3;101035;21;23;0,4
23.9.2012 21:57:42;2,3;2,3;2,3;2,3;2,3;101038;21;23;0,4
23.9.2012 21:58:07;2,3;2,3;2,3;2,3;2,3;101024;21;23;0,4
23.9.2012 21:58:32;2,3;2,3;2,3;2,3;2,3;101016;21;23;0,4
23.9.2012 21:58:57;2,3;2,3;2,3;2,3;2,3;101022;21;23;0,4
23.9.2012 21:59:22;2,3;2,3;2,3;2,3;2,3;101032;21;23;0,4
23.9.2012 21:59:47;2,3;2,3;2,3;2,3;2,3;101019;21;23;0,4
23.9.2012 22:00:12;2,3;2,3;2,3;2,3;2,3;101018;21;23;0,4
23.9.2012 22:00:37;2,3;2,3;2,3;2,3;2,3;101024;21;23;0,4
23.9.2012 22:01:02;2,3;2,3;2,3;2,3;2,3;101017;21;23;0,4
23.9.2012 22:01:27;2,3;2,3;2,3;2,3;2,4;101011;21;23;0,4
23.9.2012 22:01:52;2,3;2,3;2,3;2,3;2,3;101019;21;23;0,4
23.9.2012 22:02:17;2,3;2,3;2,3;2,3;2,4;101019;21;23;0,4
23.9.2012 22:02:42;2,3;2,3;2,3;2,3;2,4;101028;21;23;0,4
23.9.2012 22:03:07;2,3;2,3;2,3;2,3;2,4;101016;21;23;0,4
23.9.2012 22:03:32;2,3;2,3;2,3;2,3;2,4;101019;21;23;0,4
23.9.2012 22:03:57;2,3;2,3;2,3;2,3;2,4;101015;21;23;0,4
23.9.2012 22:04:22;2,3;2,3;2,3;2,3;2,3;101013;21;23;0,4
23.9.2012 22:04:47;2,3;2,3;2,3;2,3;2,3;101010;21;23;0,4
23.9.2012 22:05:12;2,3;2,3;2,3;2,3;2,3;101020;21;23;0,4
23.9.2012 22:05:37;2,3;2,3;2,3;2,3;2,3;101004;21;23;0,4
23.9.2012 22:06:02;2,3;2,3;2,3;2,3;2,3;101002;21;23;0,4
23.9.2012 22:06:27;2,3;2,3;2,3;2,3;2,3;101018;21;23;0,4
23.9.2012 22:06:52;2,3;2,3;2,3;2,3;2,3;101014;21;23;0,4
23.9.2012 22:07:17;2,3;2,3;2,3;2,3;2,3;101019;21;23;0,4
23.9.2012 22:07:42;2,3;2,3;2,3;2,3;2,3;101016;21;23;0,4
23.9.2012 22:08:07;2,3;2,3;2,3;2,3;2,3;101015;21;23;0,4
23.9.2012 22:08:32;2,3;2,3;2,3;2,3;2,3;101013;21;23;0,4
23.9.2012 22:08:57;2,3;2,3;2,3;2,3;2,3;101010;21;23;0,4
23.9.2012 22:09:22;2,3;2,3;2,3;2,3;2,3;101016;21;23;0,4
23.9.2012 22:09:47;2,3;2,3;2,3;2,3;2,3;101012;21;23;0,4
23.9.2012 22:10:12;2,3;2,3;2,3;2,3;2,3;101019;21;23;0,4
23.9.2012 22:10:37;2,3;2,3;2,3;2,3;2,3;101012;21;23;0,4
23.9.2012 22:11:02;2,3;2,3;2,3;2,3;2,3;101019;21;23;0,4
23.9.2012 22:11:27;2,3;2,3;2,3;2,3;2,3;101013;21;23;0,4
23.9.2012 22:11:52;2,3;2,3;2,3;2,3;2,3;101007;21;23;0,4
23.9.2012 22:12:17;2,3;2,3;2,3;2,3;2,3;101006;21;23;0,4
23.9.2012 22:12:42;2,3;2,3;2,3;2,3;2,3;101013;21;23;0,4
23.9.2012 22:13:07;2,3;2,3;2,3;2,3;2,3;101001;21;23;0,4
23.9.2012 22:13:32;2,3;2,3;2,3;2,3;2,3;100991;21;23;0,4
23.9.2012 22:13:57;2,3;2,3;2,3;2,3;2,3;100998;21;23;0,4
23.9.2012 22:14:22;2,3;2,3;2,3;2,3;2,3;100992;21;23;0,4
23.9.2012 22:14:47;2,3;2,3;2,3;2,3;2,3;100998;21;23;0,4
23.9.2012 22:15:12;2,3;2,3;2,3;2,3;2,3;100995;21;23;0,4
23.9.2012 22:15:37;2,3;2,3;2,3;2,3;2,3;101004;21;23;0,4
23.9.2012 22:16:02;2,3;2,3;2,3;2,3;2,3;100996;21;23;0,4
23.9.2012 22:16:27;2,3;2,3;2,3;2,3;2,3;100993;21;23;0,4
23.9.2012 22:16:52;2,3;2,3;2,3;2,3;2,3;100993;21;23;0,4
23.9.2012 22:17:17;2,3;2,3;2,3;2,3;2,3;100983;21;23;0,4
23.9.2012 22:17:42;2,3;2,3;2,3;2,3;2,3;100993;21;23;0,4
23.9.2012 22:18:07;2,3;2,3;2,3;2,3;2,3;100989;22;22;0,6
23.9.2012 22:18:32;2,3;2,3;2,3;2,3;2,3;100988;22;22;0,6
23.9.2012 22:18:57;2,3;2,3;2,3;2,3;2,3;100998;22;22;0,6
23.9.2012 22:19:22;2,3;2,3;2,3;2,3;2,3;100989;22;22;0,6
23.9.2012 22:19:47;2,3;2,3;2,3;2,3;2,3;100987;22;22;0,6
23.9.2012 22:20:12;2,3;2,3;2,3;2,3;2,3;100996;22;22;0,6
23.9.2012 22:20:37;2,3;2,3;2,3;2,3;2,3;100997;22;22;0,6
23.9.2012 22:21:02;2,3;2,3;2,3;2,3;2,3;100995;22;22;0,6
23.9.2012 22:21:27;2,3;2,3;2,3;2,3;2,3;100991;22;22;0,6
23.9.2012 22:21:52;2,3;2,3;2,2;2,3;2,3;100986;22;22;0,6
23.9.2012 22:22:17;2,3;2,3;2,2;2,3;2,3;100991;22;22;0,6
23.9.2012 22:22:43;2,3;2,3;2,2;2,3;2,3;100991;22;22;0,6
23.9.2012 22:23:08;2,3;2,3;2,2;2,3;2,3;100991;22;22;0,6
23.9.2012 22:23:33;2,2;2,3;2,2;2,3;2,3;100992;22;22;0,6
23.9.2012 22:23:58;2,3;2,3;2,2;2,3;2,3;100998;22;22;0,6
23.9.2012 22:24:23;2,2;2,3;2,2;2,3;2,3;100991;22;22;0,6
23.9.2012 22:24:48;2,2;2,3;2,2;2,3;2,3;100986;22;22;0,6
23.9.2012 22:25:13;2,2;2,3;2,2;2,3;2,3;101001;22;22;0,6
23.9.2012 22:25:38;2,2;2,3;2,2;2,3;2,3;101006;22;22;0,6
23.9.2012 22:26:03;2,2;2,3;2,2;2,3;2,3;100990;22;22;0,6
23.9.2012 22:26:28;2,2;2,3;2,2;2,3;2,3;100986;22;22;0,6
23.9.2012 22:26:53;2,2;2,3;2,2;2,3;2,3;100994;22;22;0,6
23.9.2012 22:27:18;2,2;2,3;2,2;2,3;2,3;100985;22;22;0,6
23.9.2012 22:27:43;2,2;2,3;2,2;2,3;2,3;100994;22;22;0,6
23.9.2012 22:28:08;2,2;2,3;2,2;2,3;2,3;100992;22;22;0,6
23.9.2012 22:28:33;2,2;2,3;2,2;2,3;2,3;100996;22;22;0,6
23.9.2012 22:28:58;2,2;2,3;2,2;2,3;2,3;100985;22;22;0,6
23.9.2012 22:29:23;2,2;2,3;2,2;2,3;2,3;100991;22;22;0,6
23.9.2012 22:29:48;2,2;2,3;2,2;2,3;2,3;100985;22;22;0,6
23.9.2012 22:30:13;2,2;2,3;2,2;2,3;2,3;100979;22;22;0,6
23.9.2012 22:30:38;2,2;2,3;2,2;2,3;2,3;100988;22;22;0,6
23.9.2012 22:31:03;2,2;2,3;2,2;2,3;2,3;100982;22;22;0,6
23.9.2012 22:31:28;2,2;2,3;2,2;2,3;2,3;100989;22;22;0,6
23.9.2012 22:31:53;2,2;2,3;2,2;2,3;2,3;100977;22;22;0,6
23.9.2012 22:32:18;2,2;2,3;2,2;2,3;2,3;100983;22;22;0,6
23.9.2012 22:32:43;2,2;2,3;2,2;2,3;2,3;100987;22;22;0,6
23.9.2012 22:33:08;2,2;2,3;2,2;2,3;2,3;100983;22;22;0,6
23.9.2012 22:33:33;2,2;2,3;2,2;2,3;2,3;100984;22;22;0,6
23.9.2012 22:33:58;2,2;2,3;2,2;2,3;2,3;100978;22;22;0,6
23.9.2012 22:34:23;2,2;2,3;2,2;2,3;2,3;100972;22;22;0,6
23.9.2012 22:34:48;2,2;2,3;2,2;2,3;2,3;100979;22;22;0,6
23.9.2012 22:35:13;2,2;2,3;2,2;2,3;2,3;100970;22;22;0,6
23.9.2012 22:35:38;2,2;2,3;2,2;2,3;2,3;100978;22;22;0,6
23.9.2012 22:36:03;2,2;2,3;2,2;2,3;2,3;100984;22;22;0,6
23.9.2012 22:36:28;2,2;2,3;2,2;2,3;2,3;100979;22;22;0,6
23.9.2012 22:36:53;2,2;2,3;2,2;2,3;2,3;100975;22;22;0,6
23.9.2012 22:37:18;2,2;2,3;2,2;2,3;2,3;100979;22;22;0,6
23.9.2012 22:37:43;2,2;2,3;2,2;2,3;2,3;100975;22;22;0,6
23.9.2012 22:38:08;2,2;2,3;2,2;2,3;2,3;100980;22;22;0,6
23.9.2012 22:38:33;2,2;2,3;2,2;2,3;2,3;100982;22;22;0,6
23.9.2012 22:38:58;2,2;2,3;2,2;2,3;2,3;100985;22;22;0,6
23.9.2012 22:39:23;2,2;2,3;2,2;2,3;2,3;100981;22;22;0,6
23.9.2012 22:39:48;2,2;2,3;2,2;2,3;2,3;100975;22;22;0,6
23.9.2012 22:40:13;2,2;2,3;2,2;2,3;2,3;100986;22;22;0,6
23.9.2012 22:40:38;2,2;2,3;2,2;2,3;2,3;100968;22;22;0,6
23.9.2012 22:41:03;2,2;2,3;2,2;2,3;2,3;100965;22;22;0,6
23.9.2012 22:41:28;2,2;2,3;2,2;2,3;2,3;100979;22;22;0,6
23.9.2012 22:41:53;2,2;2,3;2,2;2,3;2,3;100971;22;22;0,6
23.9.2012 22:42:18;2,2;2,3;2,2;2,2;2,3;100965;22;22;0,6
23.9.2012 22:42:43;2,2;2,3;2,2;2,3;2,3;100968;22;22;0,6
23.9.2012 22:43:08;2,2;2,3;2,2;2,3;2,3;100977;22;22;0,6
23.9.2012 22:43:33;2,2;2,3;2,2;2,3;2,3;100974;22;22;0,6
23.9.2012 22:43:58;2,2;2,3;2,2;2,3;2,3;100977;22;22;0,6
23.9.2012 22:44:23;2,2;2,3;2,2;2,2;2,3;100984;22;22;0,6
23.9.2012 22:44:48;2,2;2,3;2,2;2,2;2,2;100975;22;22;0,6
23.9.2012 22:45:13;2,2;2,3;2,2;2,2;2,2;100978;22;22;0,6
23.9.2012 22:45:38;2,2;2,3;2,2;2,2;2,2;100985;22;22;0,6
23.9.2012 22:46:03;2,2;2,3;2,2;2,2;2,2;100988;22;22;0,6
23.9.2012 22:46:28;2,2;2,3;2,2;2,2;2,2;100985;22;22;0,6
23.9.2012 22:46:53;2,2;2,3;2,2;2,2;2,2;100980;22;22;0,6
23.9.2012 22:47:18;2,2;2,3;2,2;2,2;2,2;100992;22;22;0,6
23.9.2012 22:47:43;2,2;2,3;2,2;2,2;2,2;100993;22;22;0,6
23.9.2012 22:48:08;2,2;2,2;2,2;2,2;2,2;100978;22;22;0,6
23.9.2012 22:48:33;2,2;2,2;2,2;2,2;2,2;100987;22;22;0,6
23.9.2012 22:48:58;2,2;2,2;2,2;2,2;2,2;100987;22;22;0,6
23.9.2012 22:49:23;2,2;2,2;2,2;2,2;2,2;100985;22;22;0,6
23.9.2012 22:49:48;2,2;2,2;2,2;2,2;2,2;100987;22;22;0,6
23.9.2012 22:50:13;2,2;2,2;2,2;2,2;2,2;100975;22;22;0,6
23.9.2012 22:50:38;2,2;2,2;2,2;2,2;2,2;100978;22;22;0,6
23.9.2012 22:51:03;2,2;2,2;2,2;2,2;2,2;100986;22;22;0,6
23.9.2012 22:51:28;2,2;2,2;2,2;2,2;2,2;100979;22;22;0,6
23.9.2012 22:51:53;2,2;2,2;2,2;2,2;2,2;100982;22;22;0,6
23.9.2012 22:52:25;2,2;2,2;2,2;2,2;2,2;100979;22;22;0,6
23.9.2012 22:52:50;2,2;2,2;2,2;2,2;2,2;100978;22;22;0,6
23.9.2012 22:53:15;2,2;2,2;2,2;2,2;2,2;100977;22;22;0,6
23.9.2012 22:53:40;2,2;2,2;2,2;2,2;2,2;100983;22;22;0,6
23.9.2012 22:54:05;2,2;2,2;2,2;2,2;2,2;100974;22;22;0,6
23.9.2012 22:54:30;2,2;2,2;2,2;2,2;2,2;100975;22;22;0,6
23.9.2012 22:54:55;2,2;2,2;2,2;2,2;2,2;100971;22;22;0,6
23.9.2012 22:55:20;2,2;2,2;2,2;2,2;2,2;100974;22;22;0,6
23.9.2012 22:55:45;2,2;2,2;2,2;2,2;2,2;100984;22;22;0,6
23.9.2012 22:56:10;2,2;2,2;2,2;2,2;2,2;100977;22;22;0,6
23.9.2012 22:56:35;2,2;2,2;2,2;2,2;2,2;100979;22;22;0,6
23.9.2012 22:57:00;2,2;2,2;2,2;2,2;2,2;100973;22;22;0,6
23.9.2012 22:57:25;2,2;2,2;2,2;2,2;2,2;100973;22;22;0,6
23.9.2012 22:57:50;2,2;2,2;2,2;2,2;2,2;100978;22;22;0,6
23.9.2012 22:58:15;2,2;2,2;2,2;2,2;2,2;100980;22;22;0,6
23.9.2012 22:58:40;2,2;2,2;2,2;2,2;2,2;100977;22;22;0,6
23.9.2012 22:59:06;2,2;2,2;2,2;2,2;2,2;100978;22;22;0,6
23.9.2012 22:59:31;2,2;2,2;2,2;2,2;2,2;100967;22;22;0,6
23.9.2012 22:59:56;2,2;2,2;2,2;2,2;2,2;100973;22;22;0,6
23.9.2012 23:00:21;2,2;2,2;2,2;2,2;2,2;100980;22;22;0,6
23.9.2012 23:00:46;2,2;2,2;2,2;2,2;2,2;100967;22;22;0,6
23.9.2012 23:01:11;2,2;2,2;2,2;2,2;2,2;100969;22;22;0,6
23.9.2012 23:01:36;2,2;2,2;2,2;2,2;2,2;100965;22;22;0,6
23.9.2012 23:02:01;2,2;2,2;2,2;2,2;2,2;100958;22;22;0,6
23.9.2012 23:02:26;2,2;2,2;2,2;2,2;2,2;100962;22;22;0,6
23.9.2012 23:02:51;2,2;2,2;2,2;2,2;2,2;100967;22;22;0,6
23.9.2012 23:03:16;2,2;2,2;2,2;2,2;2,2;100964;22;22;0,6
23.9.2012 23:03:41;2,2;2,2;2,2;2,2;2,2;100961;22;22;0,6
23.9.2012 23:04:06;2,2;2,2;2,2;2,2;2,2;100965;22;22;0,6
23.9.2012 23:04:31;2,2;2,2;2,2;2,2;2,2;100958;22;22;0,6
23.9.2012 23:04:56;2,2;2,2;2,2;2,2;2,2;100958;22;22;0,6
23.9.2012 23:05:21;2,2;2,2;2,2;2,2;2,2;100949;22;22;0,6
23.9.2012 23:05:46;2,2;2,2;2,2;2,2;2,2;100956;22;22;0,6
23.9.2012 23:06:11;2,2;2,2;2,2;2,2;2,2;100958;22;22;0,6
23.9.2012 23:06:36;2,2;2,2;2,2;2,2;2,2;100959;22;22;0,6
23.9.2012 23:07:01;2,2;2,2;2,2;2,2;2,2;100957;22;22;0,6
23.9.2012 23:07:26;2,2;2,2;2,2;2,2;2,2;100957;22;22;0,6
23.9.2012 23:07:51;2,2;2,2;2,2;2,2;2,2;100952;22;22;0,6
23.9.2012 23:08:16;2,2;2,2;2,2;2,2;2,2;100959;22;22;0,6
23.9.2012 23:08:41;2,2;2,2;2,2;2,2;2,2;100955;22;22;0,6
23.9.2012 23:09:06;2,2;2,2;2,2;2,2;2,2;100954;22;22;0,6
23.9.2012 23:09:31;2,2;2,2;2,2;2,2;2,2;100955;22;22;0,6
23.9.2012 23:09:56;2,2;2,2;2,2;2,2;2,2;100957;22;22;0,6
23.9.2012 23:10:21;2,2;2,2;2,2;2,2;2,2;100957;22;22;0,6
23.9.2012 23:10:46;2,2;2,2;2,2;2,2;2,2;100956;22;22;0,6
23.9.2012 23:11:11;2,2;2,2;2,2;2,2;2,2;100966;22;22;0,6
23.9.2012 23:11:36;2,2;2,2;2,2;2,2;2,2;100953;22;22;0,6
23.9.2012 23:12:01;2,2;2,2;2,2;2,2;2,2;100960;22;22;0,6
23.9.2012 23:12:26;2,2;2,2;2,2;2,2;2,2;100953;22;22;0,6
23.9.2012 23:12:51;2,2;2,2;2,2;2,2;2,2;100958;22;22;0,6
23.9.2012 23:13:16;2,2;2,2;2,2;2,2;2,2;100968;22;22;0,6
23.9.2012 23:13:41;2,2;2,2;2,2;2,2;2,2;100964;22;22;0,6
23.9.2012 23:14:06;2,2;2,2;2,2;2,2;2,2;100958;22;22;0,6
23.9.2012 23:14:31;2,2;2,2;2,2;2,2;2,2;100963;22;22;0,6
23.9.2012 23:14:56;2,2;2,2;2,2;2,2;2,2;100960;22;22;0,6
23.9.2012 23:15:21;2,2;2,2;2,2;2,2;2,2;100965;22;22;0,6
23.9.2012 23:15:46;2,2;2,2;2,2;2,2;2,2;100962;22;22;0,6
23.9.2012 23:16:11;2,2;2,2;2,2;2,2;2,2;100968;22;22;0,6
23.9.2012 23:16:36;2,2;2,2;2,2;2,2;2,2;100969;22;22;0,6
23.9.2012 23:17:01;2,2;2,2;2,2;2,2;2,2;100960;22;22;0,6
23.9.2012 23:17:26;2,2;2,2;2,2;2,2;2,2;100965;22;22;0,6
23.9.2012 23:17:51;2,2;2,2;2,2;2,2;2,2;100962;22;22;0,6
23.9.2012 23:18:16;2,2;2,2;2,2;2,2;2,2;100973;22;22;0,6
23.9.2012 23:18:41;2,2;2,2;2,2;2,2;2,2;100967;22;22;0,6
23.9.2012 23:19:06;2,2;2,2;2,2;2,2;2,2;100963;22;22;0,6
23.9.2012 23:19:31;2,2;2,2;2,2;2,2;2,2;100962;22;22;0,6
23.9.2012 23:19:56;2,2;2,2;2,2;2,2;2,2;100956;22;22;0,6
23.9.2012 23:20:21;2,2;2,2;2,2;2,2;2,2;100968;22;22;0,6
23.9.2012 23:20:46;2,2;2,2;2,2;2,2;2,2;100966;22;22;0,6
23.9.2012 23:21:11;2,1;2,2;2,2;2,2;2,2;100965;22;22;0,6
23.9.2012 23:21:36;2,1;2,2;2,2;2,2;2,2;100963;22;22;0,6
23.9.2012 23:22:01;2,1;2,2;2,2;2,2;2,2;100960;22;22;0,6
23.9.2012 23:22:26;2,1;2,2;2,2;2,2;2,2;100965;22;22;0,6
23.9.2012 23:22:51;2,1;2,2;2,2;2,2;2,2;100960;22;22;0,6
23.9.2012 23:23:16;2,1;2,2;2,2;2,2;2,2;100965;22;22;0,6
23.9.2012 23:23:41;2,1;2,2;2,2;2,2;2,2;100965;22;22;0,6
23.9.2012 23:24:06;2,1;2,2;2,2;2,2;2,2;100959;22;22;0,6
23.9.2012 23:24:31;2,1;2,2;2,2;2,2;2,2;100964;22;22;0,6
23.9.2012 23:24:56;2,1;2,2;2,2;2,2;2,2;100969;22;22;0,6
23.9.2012 23:25:21;2,1;2,2;2,2;2,2;2,2;100960;22;22;0,6
23.9.2012 23:25:46;2,1;2,2;2,2;2,2;2,2;100968;22;22;0,6
23.9.2012 23:26:11;2,1;2,2;2,2;2,2;2,2;100961;22;22;0,6
23.9.2012 23:26:36;2,1;2,2;2,2;2,2;2,2;100959;22;22;0,6
23.9.2012 23:27:01;2,1;2,2;2,2;2,2;2,2;100954;22;22;0,6
23.9.2012 23:27:26;2,1;2,2;2,2;2,2;2,2;100963;22;22;0,6
23.9.2012 23:27:51;2,1;2,2;2,2;2,2;2,2;100956;22;22;0,6
23.9.2012 23:28:16;2,1;2,2;2,2;2,2;2,2;100953;22;22;0,6
23.9.2012 23:28:41;2,1;2,2;2,2;2,2;2,2;100952;22;22;0,6
23.9.2012 23:29:06;2,1;2,2;2,2;2,2;2,2;100953;22;22;0,6
23.9.2012 23:29:31;2,1;2,2;2,2;2,2;2,2;100956;22;22;0,6
23.9.2012 23:29:56;2,1;2,2;2,2;2,2;2,2;100949;22;22;0,6
23.9.2012 23:30:21;2,1;2,2;2,2;2,2;2,2;100948;22;22;0,6
23.9.2012 23:30:46;2,1;2,2;2,2;2,2;2,2;100946;22;22;0,6
23.9.2012 23:31:11;2,1;2,2;2,2;2,2;2,2;100949;22;22;0,6
23.9.2012 23:31:36;2,1;2,2;2,2;2,2;2,2;100950;22;22;0,6
23.9.2012 23:32:01;2,1;2,2;2,2;2,2;2,2;100943;22;22;0,6
23.9.2012 23:32:26;2,1;2,2;2,2;2,2;2,2;100946;22;22;0,6
23.9.2012 23:32:51;2,1;2,2;2,2;2,2;2,2;100940;22;22;0,6
23.9.2012 23:33:16;2,1;2,2;2,2;2,2;2,2;100955;22;22;0,6
23.9.2012 23:33:41;2,1;2,2;2,2;2,2;2,2;100950;22;22;0,6
23.9.2012 23:34:07;2,1;2,2;2,2;2,2;2,2;100955;22;22;0,6
23.9.2012 23:34:32;2,1;2,2;2,2;2,2;2,2;100954;22;22;0,6
23.9.2012 23:34:57;2,1;2,2;2,2;2,2;2,2;100962;22;22;0,6
23.9.2012 23:35:22;2,1;2,2;2,2;2,2;2,2;100954;22;22;0,6
23.9.2012 23:35:47;2,1;2,2;2,2;2,2;2,2;100953;22;22;0,6
23.9.2012 23:36:12;2,1;2,2;2,2;2,2;2,2;100949;22;22;0,6
23.9.2012 23:36:37;2,1;2,2;2,2;2,2;2,2;100955;22;22;0,6
23.9.2012 23:37:02;2,1;2,2;2,2;2,2;2,2;100952;22;22;0,6
23.9.2012 23:37:27;2,1;2,2;2,2;2,2;2,2;100944;22;22;0,6
23.9.2012 23:37:52;2,1;2,2;2,2;2,2;2,2;100947;22;22;0,6
23.9.2012 23:38:17;2,1;2,2;2,2;2,2;2,2;100945;22;22;0,6
23.9.2012 23:38:42;2,1;2,2;2,2;2,2;2,2;100955;22;22;0,6
23.9.2012 23:39:07;2,1;2,2;2,2;2,2;2,2;100941;22;22;0,6
23.9.2012 23:39:32;2,1;2,2;2,2;2,2;2,2;100936;22;22;0,6
23.9.2012 23:39:57;2,1;2,2;2,2;2,2;2,2;100944;22;22;0,6
23.9.2012 23:40:22;2,1;2,2;2,2;2,2;2,2;100935;22;22;0,6
23.9.2012 23:40:47;2,1;2,2;2,2;2,2;2,2;100936;22;22;0,6
23.9.2012 23:41:12;2,1;2,2;2,2;2,2;2,2;100941;22;22;0,6
23.9.2012 23:41:37;2,1;2,2;2,2;2,2;2,2;100947;22;22;0,6
23.9.2012 23:42:02;2,1;2,2;2,2;2,2;2,2;100933;22;21;-1,5
23.9.2012 23:42:27;2,1;2,2;2,1;2,2;2,2;100935;22;22;0,6
23.9.2012 23:42:52;2,1;2,2;2,1;2,2;2,2;100936;22;21;-1,5
23.9.2012 23:43:17;2,1;2,2;2,1;2,2;2,2;100932;22;21;-1,5
23.9.2012 23:43:42;2,1;2,2;2,1;2,2;2,2;100941;22;21;-1,5
23.9.2012 23:44:07;2,1;2,2;2,1;2,2;2,2;100944;22;21;-1,5
23.9.2012 23:44:32;2,1;2,2;2,1;2,2;2,2;100932;22;21;-1,5
23.9.2012 23:44:57;2,1;2,2;2,1;2,2;2,2;100925;22;21;-1,5
23.9.2012 23:45:22;2,1;2,2;2,1;2,2;2,2;100937;22;21;-1,5
23.9.2012 23:45:47;2,1;2,2;2,1;2,2;2,2;100937;22;21;-1,5
23.9.2012 23:46:12;2,1;2,2;2,1;2,2;2,2;100928;22;21;-1,5
23.9.2012 23:46:37;2,1;2,2;2,1;2,2;2,2;100928;22;21;-1,5
23.9.2012 23:47:02;2,1;2,2;2,1;2,2;2,2;100930;22;21;-1,5
23.9.2012 23:47:27;2,1;2,2;2,1;2,2;2,2;100930;22;21;-1,5
23.9.2012 23:47:52;2,1;2,2;2,1;2,2;2,2;100927;22;21;-1,5
23.9.2012 23:48:17;2,1;2,2;2,1;2,2;2,2;100924;22;21;-1,5
23.9.2012 23:48:42;2,1;2,2;2,1;2,2;2,2;100928;22;21;-1,5
23.9.2012 23:49:07;2,1;2,2;2,1;2,2;2,2;100940;22;21;-1,5
23.9.2012 23:49:32;2,1;2,2;2,1;2,2;2,2;100927;22;21;-1,5
23.9.2012 23:49:57;2,1;2,2;2,1;2,2;2,2;100928;22;21;-1,5
23.9.2012 23:50:22;2,1;2,2;2,1;2,2;2,2;100924;22;21;-1,5
23.9.2012 23:50:47;2,1;2,2;2,1;2,2;2,2;100941;22;21;-1,5
23.9.2012 23:51:12;2,1;2,2;2,1;2,2;2,2;100928;22;21;-1,5
23.9.2012 23:51:37;2,1;2,2;2,1;2,2;2,2;100928;22;21;-1,5
23.9.2012 23:52:02;2,1;2,2;2,1;2,2;2,2;100929;22;21;-1,5
23.9.2012 23:52:35;2,1;2,2;2,1;2,2;2,2;100916;22;21;-1,5
23.9.2012 23:53:00;2,1;2,2;2,1;2,2;2,2;100917;22;21;-1,5
23.9.2012 23:53:25;2,1;2,2;2,1;2,2;2,2;100924;22;21;-1,5
23.9.2012 23:53:50;2,1;2,2;2,1;2,2;2,2;100922;22;21;-1,5
23.9.2012 23:54:15;2,1;2,2;2,1;2,2;2,2;100930;22;21;-1,5
23.9.2012 23:54:40;2,1;2,2;2,1;2,2;2,2;100929;22;21;-1,5
23.9.2012 23:55:05;2,1;2,2;2,1;2,2;2,2;100920;22;21;-1,5
23.9.2012 23:55:30;2,1;2,2;2,1;2,2;2,2;100924;22;21;-1,5
23.9.2012 23:55:55;2,1;2,2;2,1;2,2;2,2;100924;22;21;-1,5
23.9.2012 23:56:20;2,1;2,2;2,1;2,2;2,2;100921;22;21;-1,5
23.9.2012 23:56:45;2,1;2,2;2,1;2,2;2,2;100927;22;21;-1,5
23.9.2012 23:57:10;2,1;2,2;2,1;2,2;2,2;100920;22;21;-1,5
23.9.2012 23:57:35;2,1;2,2;2,1;2,2;2,2;100923;22;21;-1,5
23.9.2012 23:58:00;2,1;2,2;2,1;2,2;2,2;100918;22;21;-1,5
23.9.2012 23:58:25;2,1;2,2;2,1;2,2;2,2;100929;22;21;-1,5
23.9.2012 23:58:50;2,1;2,2;2,1;2,2;2,2;100927;22;21;-1,5
23.9.2012 23:59:15;2,1;2,2;2,1;2,2;2,2;100927;22;21;-1,5
23.9.2012 23:59:40;2,1;2,2;2,1;2,2;2,2;100916;22;21;-1,5
